trade_date,denom,regime_up_cnt,regime_neutral_cnt,regime_down_cnt,swing_up_cnt,swing_down_cnt,internal_up_cnt,internal_down_cnt,resonance_cnt,divergence_cnt,momentum_expanding_cnt,momentum_contracting_cnt,momentum_enhancing_cnt,momentum_weakening_cnt,regime_strength_median,sqzmom_median,sqzmom_delta_median,volume_ratio20_median,amount_ratio20_median,volume_above_1_cnt,amount_above_1_cnt,regime_up_ratio,regime_neutral_ratio,regime_down_ratio,swing_up_ratio,swing_down_ratio,internal_up_ratio,internal_down_ratio,resonance_ratio,divergence_ratio,momentum_expanding_ratio,momentum_contracting_ratio,momentum_enhancing_ratio,momentum_weakening_ratio,volume_above_1_ratio,amount_above_1_ratio,n_common,t_regime_0_1,t_regime_0_neg1,t_regime_1_0,t_regime_neg1_0,t_swing_neg1_1,t_swing_1_neg1,t_internal_neg1_1,t_internal_1_neg1,t_momdir_contract_expand,t_momdir_expand_contract,t_momchg_enhance_weaken,t_momchg_weaken_enhance,t_align_div_resonance,t_align_resonance_div,t_regime_0_1_rate,t_regime_0_neg1_rate,t_regime_1_0_rate,t_regime_neg1_0_rate,t_swing_neg1_1_rate,t_swing_1_neg1_rate,t_internal_neg1_1_rate,t_internal_1_neg1_rate,t_momdir_contract_expand_rate,t_momdir_expand_contract_rate,t_momchg_enhance_weaken_rate,t_momchg_weaken_enhance_rate,t_align_div_resonance_rate,t_align_resonance_div_rate,top5_price_contribution,member_change_hhi,top5_amount_contribution,conc_denom,regime_up_ratio_diff1,regime_up_ratio_diff3,regime_up_ratio_diff5,regime_down_ratio_diff1,regime_down_ratio_diff3,regime_down_ratio_diff5,swing_up_ratio_diff1,swing_up_ratio_diff3,swing_up_ratio_diff5,swing_down_ratio_diff1,swing_down_ratio_diff3,swing_down_ratio_diff5,internal_up_ratio_diff1,internal_up_ratio_diff3,internal_up_ratio_diff5,internal_down_ratio_diff1,internal_down_ratio_diff3,internal_down_ratio_diff5,momentum_expanding_ratio_diff1,momentum_expanding_ratio_diff3,momentum_expanding_ratio_diff5,momentum_enhancing_ratio_diff1,momentum_enhancing_ratio_diff3,momentum_enhancing_ratio_diff5
2026-02-09,5181,1426,3062,693,3974,932,3201,1980,3050,1856,1918,3263,2863,2318,0.002741868087737107,-0.2177489914911429,0.008782142857142183,0.701142518220504,0.6701498325308596,1049,1068,0.27523644084153637,0.5910055973750241,0.1337579617834395,0.7670333912372129,0.17988805249951748,0.6178343949044586,0.3821656050955414,0.5886894421926269,0.35823200154410345,0.3701988033198224,0.6298011966801775,0.5525960239336035,0.4474039760663964,0.20247056552789036,0.20613781123335265,0,0,0,0,0,0,0,0,0,0,0,0,0,0,0,,,,,,,,,,,,,,,,,,,,,,,,,,,,,,,,,,,,,,,,,,
2026-02-10,5183,1433,3071,679,3989,926,3235,1948,3072,1843,1885,3298,2640,2543,0.0027542921464981905,-0.22275192877535777,0.0019004163758572223,0.6356237797470758,0.6079799926135673,920,933,0.27648080262396296,0.592513988037816,0.1310052093382211,0.7696314875554698,0.17866100713872274,0.624155894269728,0.37584410573027205,0.5927069264904495,0.355585568203743,0.3636889832143546,0.6363110167856454,0.5093575149527301,0.4906424850472699,0.17750337642292108,0.18001157630715803,5180,11,3,4,17,9,1,48,15,95,128,519,297,41,29,0.0021235521235521237,0.0005791505791505791,0.0007722007722007722,0.003281853281853282,0.0017374517374517374,0.00019305019305019305,0.009266409266409266,0.0028957528957528956,0.01833976833976834,0.02471042471042471,0.10019305019305019,0.057335907335907335,0.007915057915057915,0.005598455598455598,0.01284941821501906858,0.000504991083513968062104946,0.02875537533258498643,5180.0,0.0012443617824265951,,,-0.002752752445218387,,,0.002598096318256915,,,-0.0012270453607947374,,,0.0063214993652693785,,,-0.0063214993652693785,,,-0.006509820105467801,,,-0.04323850898087345,,
2026-02-11,5183,1455,3059,669,3995,920,3236,1947,3069,1846,1906,3277,2714,2469,0.0027524240707545522,-0.2243969558492848,0.004619793782285608,0.6127517909578449,0.5839027280419218,858,864,0.28072544858190235,0.5901987266062126,0.129075824811885,0.7707891182712715,0.17750337642292108,0.6243488327223615,0.3756511672776384,0.5921281111325487,0.3561643835616438,0.3677406907196604,0.6322593092803396,0.5236349604476173,0.4763650395523828,0.16554119235963727,0.16669882307543893,5181,23,3,2,13,8,2,27,26,117,97,305,381,28,32,0.004439297432928006,0.0005790387955993051,0.0003860258637328701,0.002509168114263656,0.0015441034549314803,0.0003860258637328701,0.0052113491603937466,0.005018336228527312,0.0225825130283729,0.0187222543910442,0.05886894421926269,0.07353792704111176,0.0054043620922601815,0.006176413819725921,0.01194614151415665555,0.000497040973889044984863784,0.03938815291375309926,5181.0,0.004244645957939386,,,-0.001929384526336092,,,0.0011576307158016608,,,-0.0011576307158016608,,,0.00019293845263357312,,,-0.00019293845263362863,,,0.004051707505305813,,,0.014277445494887187,,
2026-02-12,5187,1464,3058,665,4000,921,3191,1996,3058,1863,1866,3321,2520,2667,0.0027226035002611776,-0.22892142857142875,-0.0030845942819997807,0.7077218092118056,0.686796942691544,1002,1044,0.28224407171775595,0.5895508000771159,0.1282051282051282,0.771158665895508,0.1775592828224407,0.6151918257181415,0.3848081742818585,0.5895508000771159,0.3591671486408329,0.3597455176402545,0.6402544823597455,0.48582995951417,0.5141700404858299,0.19317524580682474,0.2012724117987276,5186,14,7,6,11,3,4,30,77,91,131,596,399,46,61,0.002699575780948708,0.001349787890474354,0.0011569610489780178,0.0021210952564596993,0.0005784805244890089,0.0007713073659853452,0.005784805244890089,0.014847666795217894,0.0175472425761666,0.025260316236020056,0.11492479753181643,0.07693790975703818,0.00887003470883147,0.011762437331276514,0.01086528413489895829,0.000445684439551654540345848,0.03532745250222546811,5186.0,0.0015186231358536029,0.007007630876219584,,-0.0008706966067568156,-0.005552833578311295,,0.0003695476242364659,0.004125274658295042,,5.5906399519634054e-05,-0.002328769677076764,,-0.009157007004220064,-0.002642569186317112,,0.009157007004220064,0.0026425691863170564,,-0.007995173079405948,-0.010453285679567936,,-0.03780500093344724,-0.0667660644194335,
2026-02-13,5185,1466,3046,673,3996,926,3084,2101,3005,1917,1779,3406,2238,2947,0.002685918925594005,-0.23703928571428678,-0.015328571428571108,0.6638868670651183,0.6410590719606291,825,856,0.2827386692381871,0.5874638379942141,0.12979749276759883,0.7706846673095468,0.17859209257473482,0.5947926711668274,0.4052073288331726,0.579556412729026,0.36972034715525554,0.3431051108968177,0.6568948891031823,0.43162970106075216,0.5683702989392478,0.15911282545805208,0.16509161041465767,5185,14,14,12,6,3,7,16,121,92,177,559,280,41,95,0.002700096432015429,0.002700096432015429,0.0023143683702989393,0.0011571841851494697,0.0005785920925747348,0.0013500482160077145,0.003085824493731919,0.023336547733847638,0.017743490838958535,0.03413693346190935,0.10781099324975892,0.05400192864030858,0.007907425265188043,0.01832208293153327,0.010734281707778150591361,0.000414510081010363918846044,0.03086942180263160391,5185.0,0.0004945975204311281,0.006257866614224117,,0.0015923645624706384,-0.0012077165706222692,,-0.0004739985859611995,0.0010531797540769272,,0.0010328097522941115,-6.891456398791518e-05,,-0.020399154551314025,-0.029363223102900515,,0.020399154551314136,0.02936322310290057,,-0.016640406743436753,-0.02058387231753689,,-0.05420025845341786,-0.07772781389197791,
2026-02-24,5186,1466,3032,688,4005,923,3086,2100,3014,1914,1811,3375,3194,1992,0.0026869882218023685,-0.2137666955680001,0.022982081534749746,0.7896549167259894,0.7730778731114607,1363,1371,0.282684149633629,0.5846509834168916,0.13266486694947938,0.7722715001928269,0.1779791747011184,0.5950636328576938,0.4049363671423062,0.5811801002699576,0.3690705746239877,0.34920940994986505,0.650790590050135,0.6158889317392982,0.3841110682607019,0.26282298495950634,0.26436559969147705,5184,6,22,7,7,5,1,63,62,125,93,166,1122,66,63,0.0011574074074074073,0.004243827160493827,0.0013503086419753086,0.0013503086419753086,0.0009645061728395061,0.00019290123456790122,0.012152777777777778,0.011959876543209876,0.024112654320987654,0.017939814814814815,0.03202160493827161,0.21643518518518517,0.01273148148148148,0.012152777777777778,0.00812908935089289546,0.0003879464984309049489655090,0.03201661175193753996,5184.0,-5.45196045581009e-05,0.00195870105172663,0.007447708792092611,0.0028673741818805443,0.003589042137594367,-0.001093094833960112,0.0015868328832800982,0.0014823819215553646,0.00523810895561394,-0.0006129178736164198,0.0004757982781973258,-0.0019088777983990723,0.0002709616908663781,-0.02928519986466771,-0.02277076204676476,-0.0002709616908664336,0.029285199864667766,0.02277076204676476,0.006104299053047324,-0.018531280769795377,-0.020989393369957365,0.184259230678546,0.09225397129168089,0.06329290780569463
2026-02-25,5183,1483,3022,678,4012,917,3173,2010,3076,1853,1887,3296,3601,1582,0.002713645723806854,-0.17519285714285682,0.037325000000000275,0.8337880799786209,0.819922626068315,1653,1672,0.28612772525564345,0.5830600038587691,0.1308122708855875,0.7740690719660428,0.17692456106502025,0.6121937102064442,0.38780628979355586,0.5934786803009839,0.3575149527300791,0.36407486011962187,0.6359251398803781,0.6947713679336291,0.30522863206637085,0.31892726220335715,0.3225930928033957,5183,19,15,1,25,7,1,97,8,143,66,201,609,83,22,0.0036658306000385875,0.002894076789504148,0.00019293845263360988,0.0048234613158402466,0.0013505691684352692,0.00019293845263360988,0.01871502990546016,0.001543507621068879,0.027590198726606213,0.012733937873818251,0.03878062897935559,0.11749951765386842,0.01601389156858962,0.004244645957939417,0.011249897641225574075674,0.0005038551214755346896154036,0.02889706612388270636,5183.0,0.003443575622014472,0.0038836535378874992,0.009646922631680488,-0.001852596063891876,0.0026071426804593067,-0.00019293845263360088,0.0017975717732159335,0.0029104060705348322,0.004437584410572959,-0.0010546136360981562,-0.0006347217574204644,-0.0017364460737024912,0.017130077348750383,-0.0029981155116972635,-0.011962184063283754,-0.017130077348750328,0.0029981155116973746,0.01196218406328381,0.014865450169756822,0.004329342479367393,0.00038587690526725726,0.078882436194331,0.20894140841945913,0.18541385298089907
2026-02-26,5183,1503,3029,651,4014,920,3229,1954,3114,1820,2008,3175,3571,1612,0.002783320638474883,-0.13014037288925062,0.047128571428571575,0.821116510095819,0.809049366102143,1636,1663,0.28998649430831563,0.5844105730272043,0.12560293266448003,0.7744549488713101,0.17750337642292108,0.6229982635539263,0.3770017364460737,0.6008103415010612,0.35114798379316997,0.38742041288828866,0.6125795871117113,0.6889832143546208,0.3110167856453791,0.31564730850858574,0.3208566467296932,5181,27,6,7,34,5,5,103,44,201,80,368,342,92,59,0.0052113491603937466,0.0011580775911986102,0.0013510905230650454,0.006562439683458792,0.0009650646593321753,0.0009650646593321753,0.01988033198224281,0.008492569002123142,0.038795599305153444,0.015441034549314805,0.0710287589268481,0.06601042269832079,0.017757189731712024,0.011387762980119669,0.01092828496288269105,0.000459737747654862727365625,0.03434760871193196272,5181.0,0.003858769052672184,0.007247825070128555,0.009261045726413286,-0.0052093382211074735,-0.004194560103118805,-0.0034728921474049823,0.00038587690526725726,0.003770281561763289,0.0036658306000385554,0.0005788153579008304,-0.0010887161518137456,0.0,0.010804553347482093,0.028205592387098855,-0.0013505691684352339,-0.010804553347482149,-0.02820559238709891,0.0013505691684352894,0.02334555276866679,0.044315301991470935,0.019679722168628233,-0.005788153579008304,0.2573535132938687,0.16534825390700358
2026-02-27,5183,1519,3024,640,4025,911,3291,1892,3149,1787,2266,2917,3956,1227,0.0028535529544720596,-0.07203214285714264,0.06986266487392845,0.7986715502685596,0.7908208617238021,1575,1630,0.2930735095504534,0.5834458807640363,0.12348060968551032,0.7765772718502798,0.1757669303492186,0.6349604476172102,0.3650395523827899,0.6075631873432376,0.34478101485626084,0.43719853366775996,0.56280146633224,0.7632645186185607,0.23673548138143932,0.30387806289793556,0.3144896777927841,5182,18,5,3,16,9,0,85,21,315,56,131,519,69,35,0.0034735623311462757,0.0009648784253184099,0.0005789270551910459,0.0030876109610189118,0.0017367811655731378,0.0,0.016402933230412968,0.004052489386337322,0.060787340795059826,0.010806638363566191,0.02527981474334234,0.10015438054805094,0.013315322269394057,0.006754148977228869,0.011767029579489176268619,0.000490129490273674376650827,0.03427137418707488643,5182.0,0.0030870152421377806,0.010389359916824437,0.010829437832697464,-0.002122322978969707,-0.009184257263969056,-0.0047245185196178735,0.0021223229789697484,0.004305771657452939,0.005418605954771838,-0.0017364460737024912,-0.002212244351899817,-0.0017923524732221252,0.011962184063283865,0.03989681475951634,0.019768621899068695,-0.01196218406328381,-0.039896814759516286,-0.019768621899068584,0.0497781207794713,0.08798912371789491,0.07745301602750548,0.07428130426393986,0.14737558687926255,0.2774345591043907
2026-03-02,5182,1483,3055,644,4008,938,2975,2207,3039,1907,2413,2769,3274,1908,0.0028128404473274924,-0.03335920502714292,0.032214285714285806,1.139755688679009,1.1263602978276661,3398,3276,0.28618294094944036,0.5895407178695484,0.12427634118101119,0.7734465457352374,0.1810111925897337,0.5741026630644539,0.4258973369355461,0.5864531069085295,0.3680046314164415,0.46565032805866463,0.5343496719413354,0.6318023928984948,0.36819760710150523,0.6557313778463914,0.6321883442686221,5182,12,19,47,15,10,29,66,382,256,109,840,159,169,290,0.0023157082207641835,0.0036665380162099574,0.009069857197993053,0.0028946352759552296,0.0019297568506368198,0.0055962948668467774,0.01273639521420301,0.07371671169432652,0.04940177537630259,0.021034349671941337,0.16209957545349285,0.030683133925125436,0.03261289077576225,0.05596294866846777,0.00673720668550521834,0.000296376554104999848152593,0.03396360325580635965,5182.0,-0.0068905686010130585,5.521569379690616e-05,0.0034442717112532772,0.0007957314955008704,-0.00653592970457631,-0.0055211515865876415,-0.0031307261150423926,-0.0006225262308053869,0.002761878425690645,0.005244262240515107,0.004086631524713447,0.0024191000149988706,-0.060857784552756256,-0.0380910471419903,-0.020690008102373536,0.0608577845527562,0.03809104714199024,0.02069000810237348,0.028451794390904672,0.10157546793904276,0.12254521716184691,-0.13146212572006588,-0.06296897503513432,0.20017269183774267
2026-03-03,5184,1411,3123,650,3958,1005,2330,2854,2680,2283,2299,2885,1877,3307,0.0026446664711186076,-0.06365357142857056,-0.03351234532750025,1.1795500104342818,1.1345383171281878,3679,3352,0.27218364197530864,0.6024305555555556,0.1253858024691358,0.7635030864197531,0.19386574074074073,0.4494598765432099,0.5505401234567902,0.5169753086419753,0.44039351851851855,0.4434799382716049,0.5565200617283951,0.3620756172839506,0.6379243827160493,0.7096836419753086,0.6466049382716049,5183,17,20,90,14,7,59,15,664,134,247,1500,98,163,538,0.003279953694771368,0.0038587690526721975,0.01736446073702489,0.0027011383368705385,0.0013505691684352692,0.011383368705382983,0.002894076789504148,0.12811113254871695,0.025853752652903725,0.04765579780050164,0.2894076789504148,0.018907968358093767,0.03144896777927841,0.10380088751688211,0.006136408645783856023792,0.0002797129056948358943753467,0.02850187675758873833,5183.0,-0.013999298974131713,-0.01780285233300699,-0.010500507658320335,0.0011094612881246135,-0.00021713019534422284,-0.007279064480343572,-0.009943459315484349,-0.010951862451556993,-0.008768413773073802,0.012854548151007034,0.01636236431781965,0.015886566039622324,-0.124642786521244,-0.1735383870107164,-0.1456037563144839,0.12464278652124405,0.17353838701071644,0.14560375631448397,-0.022170389787059708,0.05605952538331627,0.09427052832173988,-0.2697267756145442,-0.32690759707067024,-0.25381331445534755
2026-03-04,5185,1325,3184,676,3911,1059,2152,3033,2640,2330,2101,3084,1810,3375,0.0023888394524474873,-0.11003571428571439,-0.03530357142857138,0.8878831995139054,0.8293771499997973,1867,1657,0.25554484088717455,0.6140790742526518,0.13037608486017357,0.7542912246865959,0.2042430086788814,0.4150433944069431,0.5849566055930568,0.5091610414657667,0.4493731918997107,0.4052073288331726,0.5947926711668274,0.3490838958534233,0.6509161041465766,0.3600771456123433,0.31957569913211187,5185,13,28,99,2,4,52,9,191,74,274,375,308,95,142,0.002507232401157184,0.005400192864030858,0.01909353905496625,0.0003857280617164899,0.0007714561234329798,0.010028929604628737,0.0017357762777242044,0.03683702989392478,0.014271938283510125,0.05284474445515911,0.07232401157184185,0.05940212150433944,0.01832208293153327,0.027386692381870782,0.01066137510564259449,0.000427517101847867086340862,0.02878383531792864736,5185.0,-0.016638801088134092,-0.037528668663278864,-0.0305828843684689,0.00499028239103777,0.006895475174663254,-0.00043618602541392604,-0.009211861733157134,-0.022286047163683875,-0.01977784727944687,0.010377267938140672,0.028476078329662813,0.027318447613861152,-0.0344164821362668,-0.21991705321026705,-0.1971503157995011,0.03441648213626669,0.21991705321026694,0.19715031579950099,-0.0382726094384323,-0.03199120483458734,0.04113246871355075,-0.012991721430527292,-0.4141806227651374,-0.34568747208020584
2026-03-05,5186,1330,3169,687,3912,1059,2131,3055,2629,2342,2033,3153,2344,2842,0.002363615335743847,-0.1367871246811967,-0.010963658945392585,0.8227108138068029,0.7811793202972033,1607,1540,0.2564596991901273,0.6110682607018897,0.13247204010798302,0.7543386039336676,0.20420362514462012,0.41091399922869265,0.5890860007713073,0.5069417662938681,0.45160046278441957,0.39201696876205167,0.6079830312379483,0.45198611646741227,0.5480138835325877,0.3098727342846124,0.2969533359043579,5186,11,19,7,8,2,2,20,42,113,182,170,703,24,36,0.0021210952564596993,0.0036637099884303894,0.001349787890474354,0.0015426147319706903,0.0003856536829926726,0.0003856536829926726,0.0038565368299267257,0.008098727342846125,0.021789433089086,0.0350944851523332,0.03278056305437717,0.1355572695719244,0.004627844195912071,0.006941766293868106,0.009760876878181036009309,0.0004315716098205601206193359,0.04302773697162192702,5186.0,0.0009148583029527368,-0.029723241759313068,-0.033526795118188346,0.00209595524780945,0.008195698926971834,0.0068691074435029975,4.737924707165497e-05,-0.019107941801569828,-0.020116344937642472,-3.938353426127805e-05,0.023192432554886427,0.026700248721699044,-0.00412939517825045,-0.16318866383576125,-0.21208426432523364,0.004129395178250506,0.16318866383576125,0.21208426432523364,-0.013190360071120955,-0.07363335929661297,0.0045965558737630086,0.10290222061398896,-0.17981627643108256,-0.23699709788720857
2026-03-06,5187,1338,3139,710,3922,1053,2179,3008,2657,2318,2086,3101,3067,2120,0.0023431744635361764,-0.12678589351267688,0.016136785195142167,0.8201561245832072,0.785714954384791,1719,1664,0.25795257374204744,0.6051667630614999,0.13688066319645267,0.7561210719105456,0.20300751879699247,0.420088683246578,0.579911316753422,0.5122421438210912,0.4468864468864469,0.40215924426450744,0.5978407557354926,0.5912859070753808,0.40871409292461924,0.33140543666859457,0.3208020050125313,5186,10,35,2,11,7,1,58,11,135,81,237,961,48,23,0.0019282684149633628,0.00674893945237177,0.0003856536829926726,0.0021210952564596993,0.001349787890474354,0.0001928268414963363,0.011183956806787505,0.0021210952564596993,0.0260316236020054,0.015618974161203239,0.0456999614346317,0.18530659467797916,0.009255688391824142,0.004435017354415735,0.008483685724161832035626,0.0003583049149581200152297200,0.03201400540351938340,5186.0,0.0014928745519201536,-0.014231068233261202,-0.03512093580840597,0.004408623088469649,0.011494860727316869,0.013400053510942353,0.0017824679768779772,-0.007382014509207502,-0.020456199939734243,-0.0011961063476276512,0.009141778056251743,0.027240588447773884,0.009174684017885348,-0.029371193296631903,-0.21487176437063216,-0.009174684017885348,0.029371193296631848,0.2148717643706321,0.010142275502455778,-0.04132069400709748,-0.035039289403252516,0.1392997906079685,0.22921028979143016,-0.17197861154317995
2026-03-09,5190,1313,3157,720,3925,1059,2145,3045,2629,2355,2073,3117,2494,2696,0.0022312182308835624,-0.13500706354571373,-0.0033368218379643474,0.9915033872202119,0.9429128917541783,2547,2260,0.2529865125240848,0.6082851637764932,0.13872832369942195,0.75626204238921,0.20404624277456648,0.41329479768786126,0.5867052023121387,0.5065510597302505,0.45375722543352603,0.39942196531791907,0.6005780346820809,0.48053949903660886,0.5194605009633911,0.4907514450867052,0.43545279383429675,5190,8,23,33,12,6,8,37,74,102,116,771,195,42,79,0.0015414258188824663,0.004431599229287091,0.006358381502890174,0.0023121387283236996,0.0011560693641618498,0.0015414258188824663,0.007129094412331407,0.014258188824662813,0.019653179190751446,0.022350674373795763,0.1485549132947977,0.03757225433526012,0.008092485549132947,0.015221579961464355,0.00986694073563695911,0.000380465338137399599422545,0.02894520835078910615,5190.0,-0.0049660612179626695,-0.002558328363089779,-0.033196428425355584,0.0018476605029692783,0.008352238839248377,0.014451982518410761,0.00014097047866445944,0.0019708177026140916,-0.01718450334602739,0.0010387239775740131,-0.00019676590431491614,0.02303505018483279,-0.006793885558716739,-0.0017485967190818408,-0.16080786537659264,0.006793885558716739,0.0017485967190818963,0.16080786537659264,-0.002737278946588373,-0.00578536351525355,-0.06622836274074556,-0.11074640803877189,0.13145560318318555,-0.15126289386188596
2026-03-10,5189,1333,3144,712,3931,1052,2196,2993,2663,2320,2065,3124,2721,2468,0.0022556314284943976,-0.13741365107885817,0.004328571428571362,0.8545048890018407,0.8284583719864721,1781,1760,0.2568895740990557,0.6058970899980729,0.13721333590287146,0.7575640778570052,0.20273655810368085,0.4232029292734631,0.5767970707265369,0.513201002119869,0.44709963384081713,0.39795721719021004,0.60204278280979,0.5243784929658893,0.4756215070341106,0.34322605511659277,0.33917903256889576,5188,22,3,1,10,8,1,62,10,94,103,425,656,54,20,0.004240555127216654,0.0005782575173477255,0.00019275250578257516,0.0019275250578257518,0.0015420200462606013,0.00019275250578257516,0.011950655358519661,0.0019275250578257518,0.018118735543562067,0.01985350809560524,0.08191981495759446,0.1264456437933693,0.01040863531225906,0.0038550501156515036,0.00826822000255737948,0.000358837208590541027477677,0.03282854593965992426,5188.0,0.003903061574970945,0.0004298749089284293,-0.015294067876252926,-0.0015149877965504877,0.004741295794888439,0.01182753343373566,0.0013020354677951707,0.0032254739233376073,-0.005939008562747872,-0.0013096846708856302,-0.0014670670409392683,0.008870817362940125,0.009908131585601831,0.01228893004477044,-0.02625694726974681,-0.009908131585601887,-0.012288930044770496,0.0262569472697467,-0.0014647481277090257,0.005940248428158379,-0.04552272108139488,0.04383899392928048,0.07239237649847707,0.16230287568193874
2026-03-11,5192,1357,3134,701,3932,1054,2248,2944,2705,2281,2121,3071,3034,2158,0.002299876794209883,-0.13038799757483932,0.013171404432839193,0.849033742847372,0.8334555075832518,1792,1810,0.26136363636363635,0.6036209553158706,0.13501540832049308,0.7573189522342064,0.20300462249614792,0.43297380585516176,0.5670261941448382,0.5209938366718028,0.43932973805855163,0.4085130970724191,0.5914869029275809,0.5843605546995377,0.41563944530046226,0.34514637904468415,0.348613251155624,5192,23,3,0,14,6,7,62,8,142,85,234,546,59,19,0.004429892141756549,0.0005778120184899846,0.0,0.002696456086286595,0.0011556240369799693,0.0013482280431432975,0.011941448382126348,0.0015408320493066256,0.027349768875192602,0.016371340523882897,0.0450693374422188,0.1051617873651772,0.011363636363636364,0.0036594761171032356,0.01312113367243423490,0.000441608990051310892740289,0.03641695324890387892,5192.0,0.004474062264580636,0.0034110626215889117,0.005818795476461802,-0.002197927582378384,-0.0018652548759595933,0.0046393234603195055,-0.0002451256227987697,0.0011978803236608604,0.0030277275476104926,0.00026806439246707114,-2.8963008445459515e-06,-0.0012383861827334752,0.009770876581698673,0.012885122608583766,0.017930411448218664,-0.009770876581698618,-0.012885122608583766,-0.01793041144821861,0.010555879882209074,0.006353852807911675,0.003305768239246498,0.059982061733648395,-0.006925352375843019,0.23527665884611443
2026-03-12,5192,1366,3132,694,3935,1055,2246,2946,2706,2284,2095,3097,2602,2590,0.0023226193511345136,-0.13753377381846393,0.00023576558003529646,0.8372701348964504,0.8163668365304642,1716,1728,0.2630970724191063,0.6032357473035439,0.13366718027734978,0.7578967642526965,0.20319722650231126,0.43258859784283515,0.5674114021571649,0.5211864406779662,0.4399075500770416,0.4035053929121726,0.5964946070878274,0.50115562403698,0.49884437596302,0.3305084745762712,0.33281972265023113,5192,24,3,15,10,7,7,53,54,88,113,780,344,53,55,0.004622496147919877,0.0005778120184899846,0.002889060092449923,0.001926040061633282,0.0013482280431432975,0.0013482280431432975,0.010208012326656394,0.010400616332819723,0.01694915254237288,0.021764252696456085,0.150231124807396,0.0662557781201849,0.010208012326656394,0.01059322033898305,0.00949695712421085800,0.000360900911165220693452502,0.03751118324832374837,5192.0,0.001733436055469939,0.01011055989502152,0.006637373228979004,-0.0013482280431433014,-0.005061143422072173,0.001195140169366754,0.0005778120184900537,0.0016347218634864547,0.0035581603190288913,0.00019260400616333273,-0.0008490162722552264,-0.0010063986423088644,-0.00038520801232660995,0.019293800154973895,0.021674598614142504,0.00038520801232666546,-0.01929380015497384,-0.02167459861414245,-0.00500770416024654,0.004083427594253508,0.011488424150120913,-0.08320493066255774,0.020616125000371133,0.04916950756956773
2026-03-13,5192,1361,3152,679,3927,1062,2212,2980,2670,2319,2027,3165,2082,3110,0.002325815086390686,-0.16477780368767908,-0.022458793876571514,0.846910365649648,0.8236062177244591,1766,1757,0.2621340523882897,0.6070878274268104,0.13077812018489984,0.7563559322033898,0.20454545454545456,0.42604006163328195,0.573959938366718,0.5142526964560863,0.4466486902927581,0.39040832049306623,0.6095916795069337,0.4010015408320493,0.5989984591679507,0.3401386748844376,0.33840523882896767,5191,19,5,24,17,3,10,46,80,84,151,811,290,51,86,0.003660181082643036,0.0009632055480639568,0.004623386630706993,0.0032748988634174535,0.0005779233288383741,0.0019264110961279136,0.008861491042188403,0.015411288769023309,0.016181853207474475,0.029088807551531495,0.1562319398959738,0.055865921787709494,0.00982469659025236,0.016567135426700057,0.00873113987430833574,0.000401495843174675519068017,0.03457024235047827230,5191.0,-0.0009630200308166081,0.005244478289233967,0.004181478646242243,-0.0028890600924499354,-0.006435215717971621,-0.00610254301155283,-0.0015408320493066618,-0.0012081456536153778,0.00023486029284425225,0.0013482280431433014,0.0018088964417737052,0.0015379357484620881,-0.006548536209553202,0.0028371323598188614,0.005951378386703954,0.006548536209553091,-0.0028371323598188614,-0.005951378386704009,-0.013097072419106348,-0.007548896697143814,-0.011750923771441213,-0.10015408320493069,-0.12337695213384003,-0.19028436624333145
2026-03-16,5191,1329,3190,672,3923,1067,2200,2991,2659,2331,1955,3236,2150,3041,0.0022029829624228723,-0.19089642857142858,-0.018971428571428667,0.8379341264666377,0.8098591508033639,1742,1684,0.25602003467539974,0.6145251396648045,0.1294548256597958,0.7557310730109805,0.20554806395684838,0.42381044114814104,0.576189558851859,0.5122327104604123,0.44904642650741666,0.37661336929300715,0.6233866307069929,0.4141783856675014,0.5858216143324986,0.3355808129454826,0.32440762858794064,5191,23,3,53,10,4,8,55,66,79,150,393,463,59,71,0.0044307455210942015,0.0005779233288383741,0.010209978809477943,0.0019264110961279136,0.0007705644384511655,0.001541128876902331,0.010595261028703526,0.012714313234444231,0.015218647659410518,0.028896166441918704,0.075707956077827,0.0891928337507224,0.011365825467154691,0.013677518782508188,0.010613021158261478897761,0.000415363563018085315473862,0.03406770321639055964,5191.0,-0.006114017712889941,-0.00534360168823661,0.0030335221513149713,-0.0013232945251040462,-0.005560582660697283,-0.009273498039626155,-0.0006248591924092883,-0.0015878792232258965,-0.0005309693782294955,0.0010026094113938233,0.0025434414607004574,0.0015018211822818983,-0.002229620485140915,-0.009163364707020727,0.010515643460279778,0.0022296204851409707,0.009163364707020727,-0.010515643460279778,-0.01379495120005908,-0.03189972777941197,-0.02280859602491192,0.013176844835452117,-0.1701821690320363,-0.06636111336910744
2026-03-17,5189,1322,3198,669,3900,1092,2025,3164,2527,2465,1840,3349,1805,3384,0.002064506467227756,-0.2352844734491424,-0.04121785714285742,0.8339355540627205,0.8018722350078827,1563,1518,0.25476970514550007,0.6163037194064367,0.1289265754480632,0.7515899017151667,0.2104451724802467,0.39024860281364426,0.6097513971863557,0.4869917132395452,0.4750433609558682,0.3545962613220274,0.6454037386779726,0.3478512237425323,0.6521487762574677,0.3012141067643091,0.29254191559067255,5189,33,3,38,7,1,23,32,203,67,182,586,243,56,191,0.006359606860666795,0.0005781460782424359,0.007323183657737522,0.0013490075158990172,0.0001927153594141453,0.004432453266525342,0.0061668915012526495,0.0391212179610715,0.012911929080747736,0.03507419541337445,0.11293120061668915,0.04682983233763731,0.010792060127192138,0.03680863364810175,0.00644262925861905052,0.000314434509081370559241170,0.03675866420710926495,5189.0,-0.0012503295298996742,-0.008327367273606223,-0.002119868953555648,-0.0005282502117325838,-0.0047406048292865655,-0.00828676045480825,-0.004141171295813817,-0.006306862537529767,-0.005974176141838483,0.004897108523398308,0.007247945977935433,0.007708614376565837,-0.033561838334496774,-0.04233999502919089,-0.03295432645981883,0.033561838334496774,0.042339995029190836,0.03295432645981888,-0.022017107970979777,-0.048909131590145205,-0.04336095586818267,-0.06632716192496912,-0.1533044002944477,-0.17652726922335704
2026-03-18,5189,1312,3209,668,3893,1100,2030,3159,2531,2462,1781,3408,2324,2865,0.0019169733629499017,-0.25413698482135727,-0.010653571428571554,0.7584016295412097,0.7242091637163639,1208,1160,0.25284255155135865,0.6184235883599923,0.12873386008864907,0.7502408941992676,0.21198689535555984,0.39121217961071497,0.608787820389285,0.4877625746772018,0.4744652148776258,0.34322605511659277,0.6567739448834072,0.44787049527847367,0.5521295047215263,0.23280015417228753,0.22354981692040857,5189,30,3,40,4,3,10,44,38,93,152,203,724,46,43,0.005781460782424359,0.0005781460782424359,0.007708614376565812,0.0007708614376565812,0.0005781460782424359,0.001927153594141453,0.008479475814222393,0.007323183657737522,0.017922528425515515,0.029292734630950088,0.0391212179610715,0.1395259202158412,0.008864906533050684,0.008286760454808249,0.00989668028275678722,0.000407829190980732696305066,0.04396320027212480959,5189.0,-0.0019271535941414175,-0.009291500836931033,-0.008521084812277702,-0.0001927153594141473,-0.0020442600962507773,-0.006281548231844014,-0.0013490075158990589,-0.006115038004122164,-0.007078058034938772,0.0015417228753131507,0.007441440810105282,0.008982272859411916,0.0009635767970707088,-0.03482788202256698,-0.04176162624444679,-0.0009635767970707088,0.034827882022567036,0.04176162624444679,-0.011370206205434608,-0.047182265376473465,-0.06528704195582635,0.10001927153594137,0.04686895444642436,-0.13649005942106407
2026-03-19,5190,1253,3262,675,3791,1210,1795,3395,2466,2535,1547,3643,1464,3726,0.001556598364052348,-0.31711008718232125,-0.056215517008964266,0.8256508523459067,0.7866346311434897,1413,1307,0.24142581888246628,0.6285163776493257,0.13005780346820808,0.7304431599229287,0.23314065510597304,0.34585741811175336,0.6541425818882466,0.4751445086705202,0.4884393063583815,0.29807321772639694,0.7019267822736031,0.28208092485549136,0.7179190751445087,0.2722543352601156,0.2518304431599229,5189,30,8,88,2,2,104,15,249,48,282,949,84,143,215,0.005781460782424359,0.0015417228753131624,0.016958951628444786,0.0003854307188282906,0.0003854307188282906,0.02004239737907111,0.0028907303912121796,0.04798612449412218,0.009250337251878975,0.05434573135478898,0.1828868760840239,0.016188090190788207,0.02755829639622278,0.04143380227404124,0.00605989777645969700,0.000265000122204646179880183,0.04180663367548260163,5189.0,-0.011416732668892371,-0.014594215792933463,-0.02167125353664001,0.0013239433795590172,0.0006029778084122861,-0.0036093768091416956,-0.019797734276338907,-0.025287913088051783,-0.027453604329767733,0.021153759750413198,0.027592591149124657,0.02994342860366178,-0.045354761498961615,-0.07795302303638768,-0.0867311797310818,0.04535476149896156,0.07795302303638763,0.08673117973108169,-0.04515283739019582,-0.0785401515666102,-0.10543217518577563,-0.1657895704229823,-0.13209746081201007,-0.21907469918148864
2026-03-20,5192,1096,3409,687,3640,1384,1460,3732,2420,2604,1279,3913,937,4255,0.0,-0.453164285714286,-0.10303650165299988,0.8901780440903113,0.8402720051390689,1859,1641,0.2110939907550077,0.6565870570107858,0.13231895223420648,0.7010785824345146,0.2665639445300462,0.2812018489984592,0.7187981510015409,0.4661016949152542,0.5015408320493067,0.24634052388289676,0.7536594761171033,0.18046995377503852,0.8195300462249615,0.3580508474576271,0.3160631741140216,5191,15,20,172,7,6,158,8,345,21,292,655,125,210,279,0.0028896166441918707,0.0038528221922558272,0.033134270853400115,0.0013484877672895396,0.0011558466576767482,0.030437295318821035,0.001541128876902331,0.06646118281641303,0.004045463301868619,0.05625120400693508,0.12617992679637835,0.024080138701598922,0.04045463301868619,0.053746869581968795,0.00613578616613087922,0.0002808417910592169135478968,0.05564750365214496431,5191.0,-0.030331828127458577,-0.043675714390492365,-0.05104006163328198,0.002261148765998394,0.003392376786143264,0.001540832049306634,-0.029364577488414145,-0.05051131928065211,-0.05527734976887522,0.03342328942407319,0.05611877204979954,0.06201848998459167,-0.06465556911329418,-0.10904675381518508,-0.14483821263482277,0.06465556911329429,0.10904675381518514,0.14483821263482288,-0.05173269384350018,-0.10825573743913061,-0.14406779661016947,-0.10161097108045283,-0.16738126996749378,-0.2205315870570108
2026-03-23,5195,768,3729,698,3058,2020,995,4200,2742,2336,926,4269,404,4791,0.0,-0.6730071428571405,-0.20254285714285725,1.187520285147189,1.0883652338964447,3590,3039,0.1478344562078922,0.717805582290664,0.1343599615014437,0.5886429258902791,0.3888354186717998,0.1915303176130895,0.8084696823869105,0.5278152069297402,0.4496631376323388,0.17824831568816168,0.8217516843118383,0.07776708373435996,0.9222329162656401,0.6910490856592878,0.5849855630413859,5194,10,13,341,1,0,585,6,478,16,373,582,46,620,352,0.0019252984212552945,0.0025028879476318828,0.06565267616480555,0.00019252984212552945,0.0,0.11262995764343474,0.0011551790527531767,0.09202926453600307,0.0030804774740084712,0.07181363111282249,0.11205236811705814,0.008856372737774355,0.11936850211782826,0.06777050442818637,0.00314003066237849178,0.000222739187056260335463874,0.04156291278846145761,5194.0,-0.0632595345471155,-0.10500809534346645,-0.10818557846750754,0.002041009267237215,0.005626101412794626,0.004905135841647895,-0.11243565654423548,-0.16159796830898854,-0.1670881471207014,0.1222714741417536,0.17684852331623999,0.18328735471495144,-0.08967153138536968,-0.19968186199762547,-0.23228012353505154,0.08967153138536965,0.1996818619976255,0.23228012353505156,-0.06809220819473508,-0.16497773942843108,-0.19836505360484546,-0.10270287004067856,-0.3701034115441137,-0.33641130193314145
2026-03-24,5194,738,3756,700,3056,2020,997,4197,2749,2327,820,4374,1106,4088,-0.001612556724361455,-0.7789043302725892,-0.07044512096821451,0.9146240805466217,0.8220383251760035,2069,1644,0.14208702348864075,0.7231420870234886,0.1347708894878706,0.5883711975356181,0.3889102810935695,0.19195225259915286,0.8080477474008472,0.5292645360030804,0.44801694262610703,0.15787447054293416,0.8421255294570659,0.21293800539083557,0.7870619946091644,0.39834424335772045,0.31651906045437045,5193,14,5,43,4,4,3,14,9,28,132,22,726,19,10,0.002695936838051223,0.0009628345850182939,0.008280377431157327,0.0007702676680146351,0.0007702676680146351,0.0005777007510109763,0.002695936838051223,0.0017331022530329288,0.005391873676102446,0.025418833044482957,0.004236472174080493,0.13980358174465626,0.003658771423069517,0.0019256691700365878,0.00531175818100536046,0.0002680751440898177524140712,0.03812607585361793760,5193.0,-0.005747432719251461,-0.09933879539382554,-0.11268268165685932,0.00041092798642691775,0.004713086019662527,0.005844314039807397,-0.0002717283546610494,-0.14207196238731068,-0.16321870417954865,7.486242176968361e-05,0.15576962598759647,0.17846510861332282,0.0004219349860633548,-0.1539051655126005,-0.1982963502144914,-0.0004219349860633548,0.15390516551260058,0.19829635021449143,-0.020373845145227526,-0.14019874718346279,-0.19672179077909321,0.1351709216564756,-0.06914291946465578,-0.13491321835169673
2026-03-25,5193,760,3735,698,3057,2020,1013,4180,2752,2325,805,4388,2508,2685,-0.001711672124921219,-0.7926428571428572,-0.003117857142857172,0.8224927534908417,0.7559712849120928,1436,1242,0.14635085692278066,0.7192374350086655,0.13441170806855382,0.5886770652801848,0.3889851723473907,0.19507028692470635,0.8049297130752937,0.5299441555940689,0.44771808203350666,0.1550163681879453,0.8449836318120547,0.4829578278451762,0.5170421721548238,0.276526092817254,0.2391681109185442,5193,23,1,1,3,0,0,22,6,48,64,28,1432,15,13,0.004429039091084152,0.00019256691700365877,0.00019256691700365877,0.0005777007510109763,0.0,0.0,0.004236472174080493,0.0011554015020219526,0.00924321201617562,0.012324282688234161,0.005391873676102446,0.27575582514923935,0.0028885037550548816,0.002503369921047564,0.008543284059338179321944,0.0003486426687649560804428160,0.03841505637297015460,5193.0,0.004263833434139913,-0.06474313383222705,-0.106491694628578,-0.0003591814193167897,0.002092755834347343,0.005677847979904754,0.0003058677445667568,-0.11240151715432978,-0.16156382891908283,7.489125382120765e-05,0.12242122781734449,0.17699827699183088,0.0031180343255534926,-0.08613156207375283,-0.19614189268600862,-0.003118034325553465,0.08613156207375283,0.19614189268600868,-0.002858102354988845,-0.09132415569495145,-0.18820968692864745,0.27001982245434064,0.30248787407013766,0.035087332566702545
2026-03-26,5195,777,3721,697,3049,2030,1023,4172,2762,2317,797,4398,2172,3023,-0.0017336833799687368,-0.8291785714285718,-0.015910714285714028,0.7376356823352334,0.6763176043928398,1078,973,0.14956689124157843,0.7162656400384986,0.134167468719923,0.5869104908565929,0.39076034648700675,0.1969201154956689,0.8030798845043311,0.531665062560154,0.4460057747834456,0.1534167468719923,0.8465832531280078,0.4180943214629451,0.5819056785370549,0.20750721847930703,0.18729547641963426,5192,25,3,8,5,3,10,27,22,57,70,605,268,30,24,0.004815100154083205,0.0005778120184899846,0.0015408320493066256,0.000963020030816641,0.0005778120184899846,0.001926040061633282,0.005200308166409861,0.00423728813559322,0.010978428351309707,0.013482280431432974,0.11652542372881355,0.05161787365177196,0.005778120184899846,0.004622496147919877,0.00680682273811413329,0.000319329581539235354018180,0.03780419206317474282,5192.0,0.0032160343187977725,0.0017324350336862249,-0.09185892764088785,-0.00024423934863082586,-0.00019249278152069782,0.004109665251714911,-0.00176657442359196,-0.0017324350336862526,-0.14353266906633588,0.0017751741396160314,0.0019249278152069227,0.1576196913810337,0.0018498285709625528,0.0053897978825794,-0.14893730261608445,-0.0018498285709626083,-0.005389797882579428,0.1489373026160845,-0.0015996213159530093,-0.02483156881616938,-0.14465647085440464,-0.0648635063822311,0.34032723772858514,0.13601339660745376
2026-03-27,5191,787,3704,700,3043,2032,1069,4122,2777,2298,807,4384,3424,1767,-0.0017424215006716975,-0.7868271852474271,0.03218050943357165,0.7117330145266408,0.6565921295650831,1117,1036,0.15160855326526682,0.7135426700057792,0.13484877672895396,0.5862068965517241,0.3914467347331921,0.20593334617607398,0.794066653823926,0.5349643613947216,0.4426892698901946,0.15546137545752264,0.8445386245424774,0.6596031593141977,0.34039684068580234,0.21518011943748797,0.19957618955885187,5190,31,7,18,5,1,3,53,5,54,44,75,1331,37,22,0.005973025048169557,0.001348747591522158,0.003468208092485549,0.0009633911368015414,0.0001926782273603083,0.0005780346820809249,0.01021194605009634,0.0009633911368015414,0.010404624277456647,0.008477842003853564,0.014450867052023121,0.2564547206165703,0.007129094412331407,0.004238921001926782,0.00970198885812137368,0.000387285517989132300290547,0.03266121180243609333,5190.0,0.0020416620236883842,0.00952152977662607,-0.05948543748974089,0.000681308009030962,7.788724108334644e-05,0.002529824494747479,-0.000703594304868771,-0.002164300983893974,-0.11487168588279051,0.0006863882461853321,0.002536453639622571,0.12488279020314585,0.009013230680405077,0.013981093576921122,-0.0752685028223852,-0.009013230680405049,-0.013981093576921122,0.07526850282238517,0.002044628585530339,-0.002413095085411515,-0.09087914842537412,0.24150883785125254,0.4466651539233621,0.47913320553915917
2026-03-30,5188,798,3690,700,3040,2032,1085,4103,2786,2286,829,4359,3414,1774,-0.0017783631938202637,-0.7490607142857145,0.03353971750966031,0.7683437619707849,0.7043645896805206,1339,1199,0.15381649961449498,0.7112567463377024,0.13492675404780263,0.5859676175790285,0.39167309175019277,0.20913646877409406,0.7908635312259059,0.5370084811102545,0.44063222821896686,0.15979182729375482,0.8402081727062451,0.6580570547417116,0.34194294525828833,0.2580956052428682,0.23111025443330763,5188,24,1,12,0,3,5,36,17,76,52,398,390,35,23,0.004626060138781804,0.00019275250578257516,0.002313030069390902,0.0,0.0005782575173477255,0.0009637625289128759,0.006939090208172706,0.0032767925983037778,0.014649190439475714,0.010023130300693909,0.07671549730146492,0.07517347725520432,0.006746337702390131,0.004433307632999229,0.011247346021217893666001,0.0004618919839294182522971215,0.02886989904439026499,5188.0,0.0022079463492281626,0.007465642691714319,0.005982043406602772,7.797731884867654e-05,0.0005150459792488127,0.0005667925463589407,-0.00023927897269560017,-0.002709447701156331,-0.0026753083112506237,0.000226357017000689,0.0026879194028020525,0.002837673078392944,0.0032031225980200806,0.01406618184938771,0.017606151161004557,-0.003203122598020136,-0.014066181849387793,-0.017606151161004613,0.00433045183623218,0.00477545910580951,-0.01845648839440686,-0.0015461045724860512,0.1750992268965354,0.5802899710073517
2026-03-31,5190,837,3653,700,3026,2049,1053,4137,2771,2304,795,4395,2423,2767,-0.0017869923976766761,-0.7643051813710536,-0.007608862101571273,0.802431964161027,0.7371494021314788,1501,1347,0.16127167630057804,0.7038535645472062,0.1348747591522158,0.5830443159922929,0.3947976878612717,0.20289017341040463,0.7971098265895954,0.5339113680154143,0.4439306358381503,0.1531791907514451,0.846820809248555,0.466859344894027,0.533140655105973,0.28921001926782275,0.25953757225433527,5190,52,3,15,4,2,18,33,68,65,100,1111,118,48,67,0.01001926782273603,0.0005780346820809249,0.002890173410404624,0.0007707129094412332,0.0003853564547206166,0.003468208092485549,0.006358381502890174,0.013102119460500963,0.012524084778420038,0.019267822736030827,0.2140655105973025,0.022736030828516378,0.009248554913294798,0.012909441233140655,0.00855367288349451703,0.000352327225483536464274559,0.03063459569385032756,5190.0,0.007455176686083059,0.011704785058999606,0.01918465281193729,-5.199489558682657e-05,0.000707290432292812,0.0001038696643451964,-0.002923301586735594,-0.003866174864299965,-0.005326881543325168,0.0031245961110789033,0.0040373413742649245,0.0058874067677021635,-0.006246295363689425,0.0059700579147357324,0.010937920811251778,0.00624629536368948,-0.005970057914735705,-0.010937920811251778,-0.00661263654230973,-0.00023755612054721098,-0.004695279791489065,-0.19119770984768464,0.048765023431081855,0.2539213395031914
2026-04-01,5192,865,3627,700,3034,2044,1123,4069,2778,2300,808,4384,3068,2124,-0.001788240893619182,-0.7355125000000009,0.01835357142857108,0.8182095602549027,0.7737261417779062,1582,1468,0.1666024653312789,0.6985747303543913,0.13482280431432975,0.5843605546995377,0.39368258859784283,0.21629429892141758,0.7837057010785824,0.5350539291217258,0.44298921417565484,0.15562403697996918,0.8443759630200308,0.5909090909090909,0.4090909090909091,0.3046995377503852,0.2827426810477658,5192,32,6,5,6,6,0,87,20,79,68,140,784,57,53,0.0061633281972265025,0.0011556240369799693,0.000963020030816641,0.0011556240369799693,0.0011556240369799693,0.0,0.016756548536209552,0.003852080123266564,0.015215716486902928,0.013097072419106317,0.026964560862865947,0.1510015408320493,0.010978428351309707,0.010208012326656394,0.00843154051969826454,0.000371953113032572420898531,0.03893854071259858198,5192.0,0.005330789030700861,0.014993912066012083,0.02025160840849824,-5.1954837886059035e-05,-2.5972414624209073e-05,0.00041109624577592707,0.0013162387072448434,-0.0018463418521863506,-0.004316510580647082,-0.0011150992634288426,0.0022358538646507498,0.004697416250452113,0.013404125511012943,0.010360952745343599,0.02122401199671123,-0.013404125511012999,-0.010360952745343655,-0.02122401199671131,0.002444846228524089,0.00016266152244653886,0.0006076687920238688,0.12404974601506397,-0.06869406840510672,0.10795126306391473
2026-04-02,5195,862,3625,708,3019,2061,1108,4087,2764,2316,847,4348,2686,2509,-0.0017963925768879558,-0.7421555467459271,0.0031483131994283486,0.7756404766680072,0.7258991389618977,1321,1219,0.16592877767083736,0.697786333012512,0.13628488931665061,0.5811357074109721,0.39672762271414824,0.21328200192492783,0.7867179980750721,0.5320500481231953,0.44581328200192494,0.16304138594802695,0.836958614051973,0.5170356111645813,0.48296438883541865,0.2542829643888354,0.23464870067372473,5192,24,16,28,10,4,19,46,62,115,74,565,181,52,67,0.004622496147919877,0.0030816640986132513,0.00539291217257319,0.001926040061633282,0.0007704160246533128,0.0036594761171032356,0.008859784283513097,0.011941448382126348,0.022149460708782744,0.014252696456086287,0.10882126348228043,0.034861325115562405,0.010015408320493066,0.01290446841294299,0.00696382413772427435,0.000303525407620266602681746,0.02910640670773463424,5192.0,-0.0006736876604415409,0.01211227805634238,0.016361886429258926,0.0014620850023208676,0.001358135268847982,0.0021174205967276205,-0.0032248472885656465,-0.004831910168056397,-0.005774783445620768,0.0030450341163054118,0.0050545309639554725,0.005967276227141494,-0.0030122969964897495,0.004145533150833769,0.016361886429258926,0.0030122969964897495,-0.004145533150833769,-0.016361886429258954,0.007417348968057763,0.003249558654272122,0.009624639076034641,-0.07387347974450964,-0.1410214435771303,0.09894128970163618
2026-04-03,5198,819,3664,715,2959,2127,1042,4156,2776,2310,847,4351,2319,2879,-0.0018512556426879515,-0.7576609757257146,-0.010543693179428312,0.7310336620758722,0.6758288626017386,1164,1027,0.15756060023085802,0.7048864948056945,0.1375529049634475,0.5692574066948827,0.4091958445555983,0.20046171604463256,0.7995382839553674,0.5340515582916506,0.4444016929588303,0.16294728741823777,0.8370527125817622,0.44613312812620237,0.5538668718737976,0.22393228164678722,0.1975759907656791,5196,15,9,60,2,2,63,38,106,88,89,595,226,98,92,0.002886836027713626,0.0017321016166281756,0.011547344110854504,0.00038491147036181676,0.00038491147036181676,0.01212471131639723,0.007313317936874519,0.02040030792917629,0.016936104695919937,0.017128560431100847,0.11451116243264049,0.0434949961508853,0.018860662047729022,0.01770592763664357,0.006765082240012594199977,0.0002936602294574184407913327,0.03870231367091663117,5196.0,-0.008368177439979335,-0.003711076069720015,0.005952046965591207,0.0012680156467968773,0.002678145811231686,0.002704128234493536,-0.011878300716089418,-0.013786909297410221,-0.016949489856841415,0.012468221841450078,0.014398156694326647,0.01774910982240624,-0.012820285880295268,-0.0024284573657720743,-0.005471630131441418,0.012820285880295268,0.0024284573657720188,0.005471630131441363,-9.409852978917166e-05,0.00976809666679268,0.00748591196071513,-0.07090248303837893,-0.0207262167678246,-0.2134700311879953
2026-04-07,5197,817,3657,723,2954,2131,1074,4123,2790,2295,865,4332,3127,2070,-0.0018990973048631833,-0.7435892857142852,0.02055202609428619,0.7216743606126896,0.6641492777220471,1181,1093,0.15720608043101789,0.7036751972291707,0.13911872233981143,0.568404848951318,0.41004425630171254,0.20665768712718877,0.7933423128728112,0.5368481816432558,0.4416009236097749,0.16644217817971907,0.8335578218202809,0.6016932845872619,0.3983067154127381,0.22724648835866845,0.21031364248604964,5197,27,12,29,2,1,8,54,23,73,57,178,984,50,34,0.00519530498364441,0.0023090244371752936,0.005580142389840293,0.00038483740619588223,0.00019241870309794111,0.001539349624783529,0.01039060996728882,0.004425630171252646,0.014046565326149701,0.010967866076582644,0.03425052915143352,0.18934000384837407,0.009620935154897056,0.006542235905329998,0.00929437305701823569,0.0003834590879700295499331541,0.03978697252032066856,5197.0,-0.00035451979984013615,-0.009396384900261012,0.003389580816522908,0.0015658173763639371,0.004295918025481682,0.004191968292008796,-0.0008525577435646303,-0.015955705748219695,-0.017562768627710446,0.0008484117461142193,0.01636166770386971,0.01837116455151977,0.006195971082556206,-0.009636611794228811,-0.0024787816469052926,-0.006195971082556206,0.009636611794228811,0.0024787816469052926,0.003494890761481295,0.010818141199749887,0.006650350885964246,0.15556015646105953,0.010784193678170961,-0.05636377015444971
2026-04-08,5202,843,3636,723,2960,2130,1357,3845,2838,2252,1013,4189,4521,681,-0.00193724640374389,-0.588350773244428,0.14955580175042837,1.0414553557859287,1.0186258817362357,2860,2697,0.16205305651672433,0.698961937716263,0.1389850057670127,0.5690119184928873,0.40945790080738176,0.2608612072279892,0.7391387927720108,0.5455594002306805,0.4329104190695886,0.19473279507881583,0.8052672049211842,0.8690888119953863,0.1309111880046136,0.5497885428681276,0.5184544405997693,5201,26,3,1,4,3,0,286,4,165,19,42,1437,163,118,0.004999038646414151,0.0005768121515093252,0.00019227071716977504,0.0007690828686791001,0.0005768121515093252,0.0,0.05498942511055566,0.0007690828686791001,0.03172466833301288,0.003653143626225726,0.008075370121130552,0.27629302057296673,0.03134012689867333,0.022687944626033456,0.00489482055911957449,0.000271745595327361838113875,0.04065094208419517580,5201.0,0.004846976085706445,-0.0038757211541130265,0.0007813802161462935,-0.00013371657279873106,0.0027001164503620834,0.004110246614796892,0.000607069541569305,-0.012123788918084744,-0.014032397499405547,-0.0005863554943307814,0.012730278093233516,0.014660212946110085,0.054203520100800456,0.047579205303061395,0.05797103381758459,-0.05420352010080043,-0.04757920530306137,-0.057971033817584616,0.02829061689909676,0.03169140913078888,0.041553604327370736,0.26739552740812444,0.35205320083080505,0.4022294671013594
2026-04-09,5203,856,3624,723,2965,2126,1455,3748,2881,2210,1190,4013,4299,904,-0.0019380169427804773,-0.47410217642078334,0.11608708383800037,0.8532027327603211,0.8288300019613232,1711,1688,0.16452046896021527,0.6965212377474534,0.13895829329233134,0.5698635402652316,0.4086104170670767,0.27964635787045933,0.7203536421295407,0.5537190082644629,0.4247549490678455,0.2287142033442245,0.7712857966557756,0.8262540841822026,0.17374591581779741,0.32884874111089757,0.32442821449163944,5203,22,6,9,6,5,1,104,6,198,21,313,90,76,33,0.004228329809725159,0.0011531808571977706,0.0017297712857966558,0.0011531808571977706,0.0009609840476648087,0.00019219680953296174,0.01998846819142802,0.0011531808571977706,0.03805496828752643,0.004036133000192197,0.06015760138381703,0.01729771285796656,0.014606957524505092,0.006342494714587738,0.008326495357071236351957,0.0003162062234585006832721330,0.03745880459790328637,5203.0,0.0024674124434909406,0.006959868729357249,-0.002081996371063627,-2.6712474681361842e-05,0.0014053883288838442,0.004135488978001589,0.0008516217723442132,0.0006061335703488879,-0.014497014434306177,-0.0008474837403050772,-0.0005854274885216393,0.01492782846923385,0.018785150642470105,0.07918464182582677,0.06335205894904175,-0.018785150642470105,-0.07918464182582674,-0.06335205894904172,0.03398140826540866,0.06576691592598671,0.0730901663642553,-0.04283472781318376,0.3801209560560002,0.23534499327311165
2026-04-10,5204,877,3605,722,2975,2119,1595,3609,2922,2172,1438,3766,4518,686,-0.0019110338954992107,-0.3263964174600894,0.13936882522376842,0.8776190002196355,0.8663985186074304,1918,1964,0.16852421214450422,0.6927363566487318,0.13873943120676402,0.5716756341275941,0.40718677940046116,0.30649500384319756,0.6935049961568025,0.5614911606456572,0.4173712528823982,0.27632590315142197,0.723674096848578,0.8681783243658724,0.13182167563412758,0.36856264411990775,0.377401998462721,5204,21,8,0,8,8,0,151,11,273,25,106,328,102,63,0.004035357417371253,0.0015372790161414297,0.0,0.0015372790161414297,0.0015372790161414297,0.0,0.029016141429669486,0.002113758647194466,0.05245964642582629,0.0048039969254419675,0.020368946963873945,0.06302843966179862,0.01960030745580323,0.01210607225211376,0.01212360646993727774,0.000448932551650729012880579,0.04760120883521388857,5204.0,0.004003743184288949,0.011318131713486335,0.0025954344736668633,-0.00021886208556731734,-0.00037929113304741024,0.002454541890113404,0.0018120938623625849,0.003270785176276103,-0.009460073283377946,-0.0014236376666155182,-0.0028574769012513768,0.01045915668631292,0.026848645972738228,0.09983731671600879,0.09321300191826973,-0.026848645972738172,-0.0998373167160087,-0.09321300191826964,0.04761169980719748,0.1098837249717029,0.11328451720339502,0.0419242401836698,0.2664850397786105,0.3511427132012911
2026-04-13,5203,895,3591,717,2978,2116,1722,3481,2934,2160,1736,3467,4459,744,-0.0018936427430373875,-0.20755533193607115,0.1300072413021427,0.8154276423513569,0.7996612080202063,1607,1647,0.17201614453200076,0.6901787430328656,0.13780511243513358,0.5723620987891601,0.40668844897174705,0.3309629060157601,0.6690370939842398,0.5639054391697098,0.4151451085911974,0.3336536613492216,0.6663463386507784,0.8570055737074764,0.14299442629252354,0.30886027291946955,0.316548145300788,5203,26,3,7,6,2,0,133,5,327,28,210,153,75,62,0.004997117047857005,0.0005765904285988853,0.0013453776667307323,0.0011531808571977706,0.0003843936190659235,0.0,0.025562175667883914,0.0009609840476648087,0.0628483567172785,0.005381510666922929,0.04036133000192197,0.02940611185854315,0.014414760714972132,0.011916202191043628,0.01132584334192421005,0.000463590150562958204370849,0.03919315266331208145,5203.0,0.003491932387496538,0.009963088015276428,0.014455544301142736,-0.0009343187716304435,-0.0011798933318791227,0.0002522074716860834,0.0006864646615659664,0.0033501802962727645,0.003104692094277439,-0.000498330428714111,-0.0027694518356347064,-0.0025073955838512685,0.02446790217256256,0.0701016987877709,0.13050118997112756,-0.024467902172562672,-0.07010169878777095,-0.13050118997112758,0.057327758197799616,0.13892086627040576,0.1707063739309838,-0.011172750658395958,-0.012083238287909914,0.41087244558127406
2026-04-14,5206,905,3588,713,2984,2113,1887,3319,2954,2143,2210,2996,4625,581,-0.0018823606431406302,-0.08022305299928661,0.15700956867619648,0.8940452666096839,0.888674798819199,1996,2048,0.17383787936995773,0.6892047637341528,0.13695735689588937,0.5731847867844795,0.40587783326930466,0.3624663849404533,0.6375336150595466,0.5674222051479063,0.4116404149058778,0.4245101805608913,0.5754898194391087,0.8883980023050326,0.11160199769496734,0.3834037648866692,0.3933922397233961,5206,15,2,6,7,4,0,178,14,489,16,89,254,106,88,0.0028812908182865925,0.000384172109104879,0.001152516327314637,0.0013446023818670765,0.000768344218209758,0.0,0.03419131771033423,0.002689204763734153,0.09393008067614292,0.003073376872839032,0.017095658855167114,0.04878985785631963,0.020361121782558587,0.016903572800614674,0.01138676938778962648,0.000464563489637417731564292,0.04080385495741395218,5206.0,0.001821734837956973,0.00931741040974246,0.016631798938939846,-0.0008477555392442104,-0.0020009363964419713,-0.002161365443922064,0.0008226879953193711,0.0033212465192479224,0.004779937833161441,-0.0008106157024423966,-0.0027325837977720258,-0.004166423032407884,0.031503478924693185,0.08282002706999397,0.15580869781326454,-0.031503478924693185,-0.08282002706999403,-0.15580869781326456,0.0908565192116697,0.1957959772166668,0.2580680023811722,0.0313924285975562,0.062143918122830044,0.28670471771777073
2026-04-15,5204,925,3568,711,2984,2112,1939,3265,2960,2136,2627,2577,4552,652,-0.0018569935968908657,0.006765955684464392,0.1225794117509465,0.9055017435558927,0.9049115681886044,2092,2161,0.1777478862413528,0.6856264411990777,0.13662567255956956,0.5734050730207533,0.40584166026133744,0.372598001537279,0.6274019984627209,0.568793235972329,0.4104534973097617,0.504803996925442,0.495196003074558,0.8747117601844735,0.12528823981552653,0.4019984627209839,0.4152574942352037,5204,21,11,1,13,2,1,70,16,443,23,219,149,46,40,0.004035357417371253,0.002113758647194466,0.0001921598770176787,0.002498078401229823,0.0003843197540353574,0.0001921598770176787,0.013451191391237509,0.0030745580322828594,0.08512682551883166,0.004419677171406611,0.042083013066871636,0.028631821675634127,0.008839354342813221,0.007686395080707148,0.010624966719066602363927,0.0004115835467646004144558037,0.04041272316161795843,5204.0,0.003910006871395061,0.009223674096848572,0.015694829724628462,-0.0003316843363198041,-0.002113758647194458,-0.0023593332074431372,0.0002202862362737923,0.0017294388931591298,0.004393154527865928,-3.617300796721068e-05,-0.0013451191391237183,-0.0036162405460443137,0.01013161659682571,0.06610299769408146,0.11173679430928979,-0.01013161659682571,-0.06610299769408157,-0.11173679430928984,0.08029381636455069,0.22847809377402,0.3100712018466262,-0.013686242120559133,0.006533435818601108,0.005622948189087151
2026-04-16,5205,931,3534,740,2990,2107,2138,3067,2964,2133,3197,2008,4750,455,-0.0018280690195280975,0.1593428571428569,0.17340000000000022,0.9016757168051776,0.9194655892615798,1997,2136,0.17886647454370797,0.6789625360230548,0.14217098943323728,0.574447646493756,0.4048030739673391,0.4107588856868396,0.5892411143131604,0.5694524495677233,0.4097982708933718,0.6142170989433238,0.3857829010566763,0.9125840537944284,0.08741594620557157,0.38366954851104706,0.41037463976945243,5205,12,38,6,9,7,2,207,8,580,10,61,258,110,106,0.0023054755043227667,0.007300672430355428,0.0011527377521613833,0.001729106628242075,0.0013448607108549472,0.00038424591738712776,0.03976945244956772,0.001536983669548511,0.11143131604226705,0.0019212295869356388,0.011719500480307397,0.04956772334293948,0.021133525456292025,0.020365033621517772,0.010793022868505603802457,0.0004428281663688897191358743,0.04433764823762949347,5205.0,0.0011185883023551724,0.006850330011707206,0.014346005583492694,0.005545316873667716,0.0043658769981037016,0.0032126961409059407,0.0010425734730027392,0.0020855477045959026,0.004584106228524454,-0.0010385862939983337,-0.001885375004407941,-0.00380734309973757,0.03816088414956059,0.07979597967107949,0.13111252781638028,-0.03816088414956054,-0.07979597967107943,-0.13111252781638028,0.10941310201788179,0.2805634375941022,0.3855028955990993,0.03787229360995492,0.05557848008695199,0.08632996961222583
2026-04-17,5205,947,3524,734,2990,2108,2267,2938,2983,2115,3575,1630,4421,784,-0.0017993667521513511,0.2922024085282855,0.13062142857142844,0.9203100620243689,0.9290361802977589,2131,2247,0.181940441882805,0.6770413064361192,0.1410182516810759,0.574447646493756,0.40499519692603264,0.43554274735830933,0.5644572526416907,0.5731027857829011,0.40634005763688763,0.6868395773294909,0.31316042267050914,0.8493756003842459,0.15062439961575408,0.4094140249759846,0.43170028818443806,5204,21,7,4,13,7,8,144,16,410,30,385,57,92,76,0.004035357417371253,0.001345119139123751,0.0007686395080707148,0.002498078401229823,0.001345119139123751,0.0015372790161414297,0.027671022290545733,0.0030745580322828594,0.07878554957724827,0.005764796310530361,0.07398155265180631,0.010953112990007686,0.017678708685626442,0.014604150653343582,0.011623683349101027095684,0.0004562817490067984594039557,0.04796337542743650227,5204.0,0.003073967339097039,0.008102562512847272,0.013416229738300783,-0.0011527377521613758,0.004060894785186536,0.0022788204743118823,0.0,0.0012628597092765315,0.002772012366161869,0.00019212295869353024,-0.0008826363432720141,-0.0021915824744285217,0.02478386167146973,0.07307636241785603,0.12904774351511178,-0.02478386167146973,-0.07307636241785598,-0.12904774351511183,0.07262247838616709,0.26232939676859957,0.4105136741780689,-0.06320845341018255,-0.039022401920786765,-0.018802723981626523
2026-04-20,5201,963,3490,748,2991,2102,2455,2746,3008,2085,3843,1358,4217,984,-0.0017824463393396426,0.41202916003696366,0.10580000000000034,0.9618049193508579,0.9823222926745077,2366,2509,0.18515670063449335,0.6710248029225149,0.14381849644299174,0.5750817150547971,0.40415304749086717,0.47202461065179774,0.5279753893482023,0.5783503172466833,0.400884445298981,0.7388963660834454,0.2611036339165545,0.8108056143049414,0.18919438569505864,0.4549125168236878,0.4824072293789656,5200,24,19,8,4,9,4,210,16,302,30,326,125,130,101,0.004615384615384616,0.003653846153846154,0.0015384615384615385,0.0007692307692307692,0.0017307692307692308,0.0007692307692307692,0.04038461538461539,0.003076923076923077,0.058076923076923075,0.0057692307692307696,0.06269230769230769,0.02403846153846154,0.025,0.01942307692307692,0.01004454807317402570,0.000470672788403238861447178,0.04299158956490782102,5200.0,0.00321625875168835,0.0074088143931405614,0.013140556102492595,0.0028002447619158433,0.007192823883422184,0.006013384007858169,0.0006340685610410901,0.0016766420340438293,0.0027196162656369927,-0.0008421494351654735,-0.001688612770470277,-0.002535401480879884,0.036481863293488404,0.09942660911451873,0.14106170463603762,-0.03648186329348835,-0.09942660911451862,-0.1410617046360375,0.052056788753954586,0.23409236915800347,0.40524270473422386,-0.03856998607930451,-0.06390614587953214,-0.046199959402535073
2026-04-21,5204,965,3490,749,3003,2096,2554,2650,3018,2081,3859,1345,3004,2200,-0.001754670333865185,0.429843061510768,0.017945150048035596,0.9237103226954282,0.9172269433812654,2128,2162,0.18543428132205994,0.6706379707916987,0.14392774788624135,0.5770561106840891,0.4027671022290546,0.4907763259031514,0.5092236740968485,0.5799385088393544,0.3998847040737894,0.7415449654112222,0.2584550345887779,0.5772482705611068,0.42275172943889316,0.4089162182936203,0.41544965411222134,5204,11,11,8,9,9,2,122,23,100,85,1284,66,78,73,0.002113758647194466,0.002113758647194466,0.0015372790161414297,0.0017294388931591083,0.0017294388931591083,0.0003843197540353574,0.023443504996156803,0.004419677171406611,0.01921598770176787,0.01633358954650269,0.24673328209069947,0.012682551883166795,0.01498847040737894,0.014027671022290546,0.011095451001912604648590,0.0004370704533037707424512547,0.04214797970824975768,5204.0,0.0002775806875665865,0.006567806778351976,0.011596401952102209,0.00010925144324960834,0.0017567584530040758,0.006970390990351988,0.001974395629292025,0.002608464190333115,0.0038713238996096466,-0.0013859452618125712,-0.0020359717382845144,-0.0031107310402500588,0.018751715251353662,0.0800174402163118,0.1283099409626981,-0.018751715251353773,-0.08001744021631185,-0.1283099409626981,0.002648599327776724,0.1273278664678984,0.3170347848503309,-0.23355734374383452,-0.3353357832333216,-0.3111497317439258
2026-04-22,5203,975,3446,782,3003,2096,2627,2576,3027,2072,3878,1325,3324,1879,-0.0017281282734381701,0.4615943324437495,0.035453571428571196,0.9331138372350509,0.9432705713409089,2220,2321,0.1873918892946377,0.6623102056505862,0.15029790505477608,0.5771670190274841,0.40284451278108785,0.5049010186430906,0.4950989813569095,0.5817797424562752,0.39823178935229675,0.7453392273688256,0.2546607726311743,0.6388621948875649,0.36113780511243515,0.4266769171631751,0.44608879492600423,5203,19,37,10,5,3,2,104,28,122,100,197,518,71,62,0.003651739381126273,0.007111281952719585,0.0019219680953296175,0.0009609840476648087,0.0005765904285988853,0.0003843936190659235,0.01998846819142802,0.005381510666922929,0.023448010763021335,0.019219680953296174,0.03786277147799347,0.09955794733807419,0.013645973476840285,0.011916202191043628,0.011535528719708500147634,0.000497901599201015005430918,0.04390033849203368763,5203.0,0.0019576079725777684,0.005451447411832705,0.009644003053284916,0.006370157168534729,0.00927965337370018,0.013672232495206521,0.00011090834339499978,0.002719372533728115,0.003761946006730854,7.741055203325242e-05,-0.002150684144944792,-0.0029971474802495957,0.01412469273993916,0.06935827128478123,0.13230301710581155,-0.014124692739939049,-0.06935827128478117,-0.13230301710581144,0.003794261957603462,0.05849965003933477,0.24053523044338365,0.06161392432645807,-0.21051340549668096,-0.2358495652969086
2026-04-23,5202,963,3454,785,3004,2093,2618,2584,3021,2076,3865,1337,2903,2299,-0.0017247638278951143,0.47297321428571504,0.012403491231535946,1.0454050420324805,1.057001911657636,2898,2928,0.185121107266436,0.6639753940792003,0.1509034986543637,0.5774702037677816,0.40234525182622066,0.5032679738562091,0.49673202614379086,0.5807381776239908,0.3990772779700115,0.7429834678969627,0.2570165321030373,0.5580545943867743,0.4419454056132257,0.5570934256055363,0.5628604382929643,5201,4,20,16,15,8,8,71,80,106,117,637,216,78,84,0.0007690828686791001,0.003845414343395501,0.0030763314747164006,0.0028840607575466256,0.0015381657373582003,0.0015381657373582003,0.013651220919054028,0.015381657373582004,0.020380696019996154,0.02249567390886368,0.1224764468371467,0.04153047490867141,0.014997115939242453,0.016150740242261104,0.00938997303885181098,0.000359416707688254060330807,0.04054375636604315249,5201.0,-0.0022707820282017177,-3.5593368057362795e-05,0.006254632722728026,0.0006055935995876172,0.007085002211371955,0.008732509221126422,0.00030318474029744635,0.002388488712984471,0.0030225572740255613,-0.0004992609548671867,-0.0018077956646465054,-0.0024578221411184487,-0.0016330447868814213,0.0312433632044114,0.09250908816936954,0.0016330447868813658,-0.031243363204411456,-0.09250908816936954,-0.0023557594718629504,0.0040871018135172354,0.1287663689536389,-0.08080760050079061,-0.25275101991816706,-0.3545294594076541
2026-04-24,5202,959,3459,784,2996,2100,2586,2616,3000,2096,3792,1410,2202,3000,-0.0017225090664718802,0.43573974952514316,-0.01615000000000011,0.9750554461739558,0.9764766487169224,2431,2467,0.1843521722414456,0.6649365628604383,0.15071126489811612,0.5759323337178008,0.40369088811995385,0.497116493656286,0.5028835063437139,0.5767012687427913,0.4029219530949635,0.7289504036908881,0.2710495963091119,0.4232987312572088,0.5767012687427913,0.4673202614379085,0.474240676662822,5201,13,4,17,4,9,17,63,95,75,149,931,227,72,90,0.0024995193232070756,0.0007690828686791001,0.0032686021918861756,0.0007690828686791001,0.0017304364545279755,0.0032686021918861756,0.012113055181695828,0.01826571813112863,0.014420303787733128,0.028648336858296482,0.17900403768506057,0.04364545279753893,0.013843491636223804,0.017304364545279755,0.009382179972303838611068,0.000416892783831335694128387735,0.05443967602944672504,5201.0,-0.000768935024990397,-0.0010821090806143463,0.0024117303586405903,-0.00019223375624757844,0.006783517011874768,0.00969301321704022,-0.0015378700499807385,-0.0011237769662882924,0.0014846872240448228,0.0013456362937331878,0.0009237858908992536,-0.001304308806078791,-0.0061514801999231206,0.006340167753134618,0.061573746297976684,0.006151480199923065,-0.006340167753134618,-0.06157374629797674,-0.01403306420607453,-0.012594561720334019,0.04211082636139729,-0.1347558631295655,-0.15394953930389804,-0.4260768691270371
2026-04-27,5200,947,3475,778,2995,2100,2667,2533,2985,2110,3778,1422,2713,2487,-0.001733854307041197,0.4330500000000001,0.004877029991071979,1.0363810483332387,1.0539926878200683,2767,2816,0.18211538461538462,0.6682692307692307,0.14961538461538462,0.5759615384615384,0.40384615384615385,0.5128846153846154,0.4871153846153846,0.5740384615384615,0.40576923076923077,0.7265384615384616,0.2734615384615385,0.5217307692307692,0.4782692307692308,0.5321153846153847,0.5415384615384615,5200,13,5,26,10,9,10,145,68,112,127,245,756,104,122,0.0025,0.0009615384615384616,0.005,0.0019230769230769232,0.0017307692307692308,0.0019230769230769232,0.027884615384615386,0.013076923076923076,0.021538461538461538,0.024423076923076922,0.047115384615384615,0.1453846153846154,0.02,0.02346153846153846,0.00919182281604317183,0.0004210298002515701731831026,0.04345928548916148795,5200.0,-0.002236787626060971,-0.005276504679253086,-0.0030413160191087307,-0.0010958802827314984,-0.0006825204393914597,0.005796888172392878,2.9204743737576422e-05,-0.0012054805659457157,0.0008798234067413091,0.00015526572620000456,0.0010016410650660057,-0.00030689364471331304,0.015768121728329365,0.007983596741524823,0.040860004732817645,-0.01576812172832931,-0.007983596741524879,-0.0408600047328177,-0.0024119421524265716,-0.018800765830364052,-0.012357904544983866,0.09843203797356043,-0.11713142565679568,-0.28907484507417214
2026-04-28,5194,929,3480,785,2987,2105,2609,2585,2974,2118,3694,1500,2194,3000,-0.0017436286452302315,0.3797464285714285,-0.019618431617249868,1.0235622583540236,1.0322648020238776,2736,2749,0.17886022333461687,0.6700038505968425,0.15113592606854062,0.5750866384289565,0.4052753176742395,0.5023103581055064,0.49768964189449366,0.5725837504813246,0.4077782056218714,0.7112052368117058,0.28879476318829417,0.4224104736234116,0.5775895263765883,0.5267616480554486,0.5292645360030804,5194,3,17,20,11,7,13,86,146,92,177,755,239,114,124,0.0005775895263765884,0.0032730073161340006,0.003850596842510589,0.002117828263380824,0.0013477088948787063,0.0025028879476318828,0.016557566422795534,0.0281093569503273,0.01771274547554871,0.03407778205621871,0.14536003080477475,0.04601463226800154,0.02194840200231036,0.023873700423565652,0.00973015378368037447,0.0003693312300056906731961582,0.03628481262409820180,5194.0,-0.003255161280767749,-0.006260883931819117,-0.006574057987443066,0.001520541453155999,0.00023242741417692225,0.0072081781822992685,-0.0008749000325819489,-0.002383565338825111,-0.001969472255132665,0.0014291638280856667,0.002930065848018859,0.002508215445184925,-0.01057425727910899,-0.000957615750702745,0.011534032202354993,0.010574257279109045,0.0009576157507028005,-0.011534032202354882,-0.0153332247267558,-0.0317782310852569,-0.03033972859951639,-0.09932029560735761,-0.13564412076336269,-0.15483779693769523
2026-04-29,5171,918,3489,764,2986,2084,2715,2456,2944,2126,3642,1529,2328,2843,-0.0017480125722899615,0.3459700281697499,-0.013553571428571387,1.0396162911918878,1.0612952195179453,2782,2818,0.17752852446335332,0.6747244246760782,0.14774705086056855,0.577451169986463,0.4030168245987237,0.5250435118932508,0.4749564881067492,0.5693289499129762,0.4111390446722104,0.704312512086637,0.29568748791336297,0.45020305550183715,0.5497969444981629,0.5380003867723845,0.5449622896925159,5171,7,2,17,10,4,3,151,34,118,160,320,463,88,100,0.0013537033455811255,0.00038677238445175013,0.0032875652678398763,0.0019338619222587507,0.0007735447689035003,0.0005801585766776252,0.029201315026107136,0.0065751305356797525,0.022819570682653258,0.030941790756140012,0.061883581512280024,0.08953780700058016,0.017017984915877006,0.01933861922258751,0.009968909872372159190221,0.0004180484015569481014295552,0.03649651594533766902,5171.0,-0.0013316988712635536,-0.006823647778092273,-0.009863364831284388,-0.0033888752079720696,-0.002964214037547569,-0.0025508541942075302,0.0023645315575064885,0.001518836268662116,0.0002841509589788238,-0.002258493075515844,-0.0006740635212301727,0.00017231181763582848,0.02273315378774443,0.027927018236964807,0.020142493250160265,-0.022733153787744487,-0.02792701823696475,-0.02014249325016032,-0.006892724725068744,-0.024637891604251116,-0.0410267152821886,0.027792581878425537,0.026904324244628353,-0.18865913938572776
2026-04-30,5176,914,3506,756,2984,2090,2795,2381,2935,2139,3629,1547,2574,2602,-0.0017209928526764997,0.3286673033471429,-0.0005524291625711338,1.0230132094533761,1.0443939914171616,2719,2770,0.17658423493044823,0.6773570324574961,0.14605873261205565,0.5765069551777434,0.4037867078825348,0.5399922720247295,0.46000772797527045,0.5670401854714064,0.4132534775888717,0.7011205564142194,0.2988794435857805,0.4972952086553323,0.5027047913446677,0.5253091190108191,0.5351622874806801,5174,9,5,10,17,9,10,131,53,131,147,277,520,91,102,0.0017394665635871666,0.0009663703131039815,0.001932740626207963,0.003285659064553537,0.0017394665635871666,0.001932740626207963,0.025318902203324313,0.010243525318902203,0.025318902203324313,0.028411287205257055,0.05353691534596057,0.10050251256281408,0.017587939698492462,0.019713954387321223,0.011737472919673974018861,0.0004527100119082707943242724,0.03694947977642200289,5174.0,-0.000944289532905096,-0.005531149684936398,-0.008536872335987766,-0.001688318248512899,-0.0035566520033289695,-0.004844766042308046,-0.0009442148087195346,0.000545416716205005,-0.0009632485900381571,0.0007698832838111125,-5.9445963619064734e-05,0.0014414560563141277,0.014948760131478722,0.027107656640114164,0.03672429816852041,-0.014948760131478722,-0.027107656640114164,-0.03672429816852041,-0.00319195567241759,-0.025417905124242135,-0.04186291148274324,0.04709215315349513,-0.024435560575436943,-0.06075938573144202
2026-05-06,5204,918,3532,754,2998,2104,2938,2266,2988,2114,3592,1612,2605,2599,-0.001685169236815328,0.3230624010950357,0.00030025985828571744,1.200780190451749,1.2456448729449214,3689,3769,0.17640276710222905,0.6787086856264412,0.14488854727132974,0.5760953112990008,0.404304381245196,0.56456571867794,0.43543428132205997,0.574173712528824,0.4062259800153728,0.690238278247502,0.30976172175249805,0.500576479631053,0.49942352036894694,0.7088777863182167,0.7242505764796311,5203,6,5,7,15,9,6,158,25,105,155,344,361,112,80,0.0011531808571977706,0.0009609840476648087,0.0013453776667307323,0.0028829521429944265,0.0017297712857966558,0.0011531808571977706,0.030367095906207956,0.0048049202383240435,0.020180665000960985,0.029790505477609072,0.06611570247933884,0.0693830482413992,0.021526042667691717,0.01537574476263694,0.009528447135979522840954,0.00044834399211435830248380624,0.04073002211347752962,5203.0,-0.0001814678282191784,-0.002457456232387828,-0.007949405139216548,-0.00117018534072591,-0.0062473787972108785,-0.005822717626786378,-0.0004116438787425958,0.0010086728700443581,0.00016297758119998562,0.0005176733626612307,-0.0009709364290435007,0.0006134931252421705,0.024573446653210484,0.06225536057243364,0.06744922502165401,-0.024573446653210484,-0.06225536057243369,-0.06744922502165396,-0.010882278166717496,-0.02096695856420383,-0.0387121254433862,0.0032812709757207292,0.0781660060076414,0.07727774837384421
2026-05-07,5206,919,3543,744,3008,2096,3064,2142,3012,2092,3495,1711,2155,3051,-0.0016259752504324562,0.30267135990464233,-0.01933272321428564,1.081131723883938,1.1260847084705783,3125,3292,0.1765270841336919,0.6805608912792931,0.142912024587015,0.577794852093738,0.40261237034191316,0.5885516711486746,0.4114483288513254,0.5785631963119477,0.4018440261237034,0.6713407606607761,0.328659239339224,0.4139454475605071,0.5860545524394929,0.6002689204763734,0.6323472915866308,5206,13,7,12,17,12,4,145,19,67,166,742,290,99,76,0.0024971187091817133,0.0013446023818670765,0.002305032654629274,0.0032654629273914716,0.002305032654629274,0.000768344218209758,0.027852477910103726,0.0036496350364963502,0.012869765655013446,0.031886285055704955,0.1425278524779101,0.05570495582020745,0.01901651940069151,0.014598540145985401,0.009605696399494146126587,0.0004411177079341557997886994,0.03575691757911446451,5206.0,0.000124317031462845,-0.0010014403296614294,-0.005588300481692732,-0.001976522684314752,-0.004835026273553561,-0.0067033600283696315,0.0016995407947372199,0.0003436821072750895,0.001833313632199629,-0.001692010903282859,-0.00040445425681051583,-0.001233783504240693,0.02398595247073454,0.06350815925542375,0.07566705576405919,-0.023985952470734595,-0.0635081592554238,-0.07566705576405924,-0.018897517586725865,-0.03297175142586095,-0.055197700877685496,-0.0866310320705459,-0.03625760794133004,-0.10778532167026211
2026-05-08,5204,918,3555,731,3025,2080,3197,2007,3034,2071,3469,1735,2287,2917,-0.001558302702106764,0.28731428571428563,-0.011412129919250072,1.0202757906597588,1.0704853163475194,2734,2965,0.17640276710222905,0.6831283627978478,0.14046887009992315,0.5812836279784781,0.3996925441967717,0.6143351268255188,0.38566487317448117,0.5830130668716372,0.3979631053036126,0.6666026133743275,0.3333973866256726,0.43946963873943123,0.5605303612605688,0.5253651037663336,0.5697540353574174,5204,3,11,4,25,18,2,152,16,77,102,411,544,102,81,0.0005764796310530361,0.002113758647194466,0.0007686395080707148,0.0048039969254419675,0.0034588777863182167,0.0003843197540353574,0.029208301306687164,0.0030745580322828594,0.01479631053036126,0.01960030745580323,0.07897770945426595,0.10453497309761722,0.01960030745580323,0.015564950038431976,0.013691435766657778117855,0.0004577682996808047686491291,0.03169728737260389786,5204.0,-0.000124317031462845,-0.0001814678282191784,-0.002457456232387828,-0.002443154487091842,-0.005589862512132504,-0.010667055968617473,0.0034887758847400585,0.004776672800734683,0.0061969895495216365,-0.0029198261451414687,-0.004094163685763097,-0.005582773477467828,0.025783455676844258,0.07434285480078928,0.11202476872001244,-0.025783455676844202,-0.07434285480078928,-0.11202476872001249,-0.004738147286448613,-0.034517943039891974,-0.04460262343737831,0.025524191178924127,-0.05782556991590104,0.017059165116019626
2026-05-11,5203,921,3567,715,3041,2063,3306,1897,3045,2059,3533,1670,3248,1955,-0.0014534485420107702,0.3217350697503212,0.025671771396965415,1.1656448957028187,1.2147397345529627,3592,3728,0.17701326157985778,0.6855660196040746,0.13742071881606766,0.5844704977897367,0.3965020180665001,0.6354026523159716,0.36459734768402846,0.5852392850278685,0.39573323082836825,0.6790313280799539,0.32096867192004613,0.6242552373630598,0.37574476263694023,0.6903709398423986,0.7165097059388814,5202,9,7,5,24,17,2,131,21,136,71,108,1071,89,78,0.0017301038062283738,0.0013456362937331796,0.0009611687812379854,0.00461361014994233,0.0032679738562091504,0.00038446751249519417,0.025182622068435218,0.004036908881199538,0.026143790849673203,0.013648596693579393,0.020761245674740483,0.20588235294117646,0.01710880430603614,0.014994232987312572,0.012627235547159014524927,0.0004941872171115916429473249,0.03985654795670115084,5202.0,0.0006104944776287313,0.0006104944776287313,-0.0005152628834955431,-0.0030481512838554936,-0.007467828455262088,-0.010326332044500897,0.003186869811258597,0.008375186490735875,0.007019327803273745,-0.003190526130271598,-0.007802363178695926,-0.006514806532223583,0.021067525490452765,0.07083693363803156,0.11035914042272077,-0.02106752549045271,-0.07083693363803151,-0.11035914042272071,0.012428714705626454,-0.011206950167548024,-0.02528118400668311,0.18478559862362853,0.12367875773200676,0.17405218186122262
2026-05-12,5202,923,3577,702,3045,2058,3309,1893,3078,2025,3487,1715,2127,3075,-0.0013935752401765841,0.3050928571428575,-0.01906964285714309,1.043863435019576,1.0806536020672908,2883,3056,0.1774317570165321,0.6876201460976548,0.13494809688581316,0.5853517877739332,0.3956170703575548,0.6361014994232987,0.36389850057670126,0.5916955017301038,0.3892733564013841,0.670319108035371,0.32968089196462896,0.408881199538639,0.591118800461361,0.5542099192618224,0.5874663590926567,5202,13,2,8,15,13,5,69,64,81,126,1266,146,89,55,0.002499038831218762,0.00038446751249519417,0.0015378700499807767,0.0028835063437139563,0.002499038831218762,0.0009611687812379854,0.0132641291810842,0.012302960399846213,0.015570934256055362,0.02422145328719723,0.2433679354094579,0.028066128412149175,0.01710880430603614,0.01057285659361784,0.008337740878278256181824,0.00034233898132446330480720246,0.04235305446535161604,5202.0,0.00041849543667432654,0.0009046728828402129,0.0008475220860838795,-0.0024726219302544927,-0.007963927701201828,-0.01111063572624249,0.0008812899841964539,0.007556935680195109,0.008844832596189733,-0.0008849477089453162,-0.006995299984358383,-0.008169637524980011,0.0006988471073271496,0.04754982827462417,0.0961092273985692,-0.0006988471073272051,-0.04754982827462412,-0.0961092273985692,-0.008712220044582941,-0.0010216526254051006,-0.03080144837884846,-0.21537403782442077,-0.005064248021868112,-0.08841400911669328
2026-05-13,5207,938,3558,711,3063,2044,3360,1847,3122,1985,3462,1745,2518,2689,-0.0013491742391408582,0.30450465329149934,-0.003095971950999976,0.9732274179489985,1.0045714111344244,2450,2623,0.18014211638179373,0.6833109275974649,0.13654695602074132,0.5882465911273286,0.392548492414058,0.6452851930094105,0.3547148069905896,0.5995774918379105,0.3812175917034761,0.6648742077971961,0.3351257922028039,0.4835797964278855,0.5164202035721145,0.4705204532360284,0.5037449587094296,5206,19,14,5,5,17,2,72,24,97,126,227,614,76,35,0.0036496350364963502,0.002689204763734153,0.0009604302727621974,0.0009604302727621974,0.0032654629273914716,0.000384172109104879,0.013830195927775643,0.004610065309258548,0.01863234729158663,0.024202842873607376,0.043603534383403766,0.11794083749519785,0.014598540145985401,0.006723011909335382,0.012209512899582380224544,0.0005058722396235895073767854,0.04000549975955738864,5206.0,0.002710359365261622,0.00373934927956468,0.00373934927956468,0.00159885913492816,-0.003921914079181826,-0.00834159125058842,0.0028948033533954254,0.006962963148850476,0.012151279828327755,-0.0030685779434967975,-0.007144051782713712,-0.01175588883113804,0.009183693586111707,0.030950066183891622,0.08071947433147042,-0.009183693586111652,-0.030950066183891567,-0.08071947433147036,-0.005444900238174899,-0.0017284055771313867,-0.025364070450305864,0.07469859688924652,0.04411015768845428,-0.016996683203167495
2026-05-14,5207,945,3558,704,3052,2059,3231,1976,3110,2001,3318,1889,1520,3687,-0.0012990204294944351,0.24455357142857087,-0.04597248114353575,1.014631268228764,1.0416075244173648,2698,2820,0.18148646053389667,0.6833109275974649,0.13520261186863838,0.5861340503168811,0.39542922988285,0.6205108507777991,0.3794891492222009,0.5972729018628768,0.38429037833685425,0.6372191280967928,0.36278087190320724,0.29191473017092373,0.7080852698290763,0.5181486460533896,0.541578644132898,5207,18,4,12,11,6,19,27,157,42,185,1131,131,91,107,0.003456884962550413,0.0007681966583445362,0.0023045899750336087,0.0021125408104474747,0.0011522949875168043,0.003648934127136547,0.0051853274438256195,0.030151718840023045,0.00806606491261763,0.0355290954484348,0.21720760514691762,0.02515844056078356,0.0174764739773382,0.020549260610716342,0.00775880716115109215,0.0003154196771885162672119680,0.04333831622462790870,5207.0,0.0013443441521029387,0.004473198954038887,0.0049593764002047735,-0.0013443441521029387,-0.0022181069474292714,-0.007709412718376607,-0.0021125408104474275,0.0016635525271444518,0.008339198223143107,0.0028807374687920273,-0.0010727881836500863,-0.007183140459063153,-0.024774342231611346,-0.014891801538172489,0.031959179629124534,0.02477434223161129,0.014891801538172433,-0.03195917962912448,-0.027655079700403262,-0.0418121999831611,-0.03412163256398326,-0.19166506625696178,-0.33234050719213604,-0.12203071738958338
2026-05-15,5207,934,3508,765,3049,2064,3134,2073,3096,2017,3127,2080,1444,3763,-0.0012129826345200706,0.17915193170714294,-0.05089793278771382,0.9938205278587137,0.9982500716393342,2557,2593,0.1793739197234492,0.6737084693681582,0.14691761090839256,0.5855579028231227,0.3963894757057807,0.6018820818129441,0.3981179181870559,0.594584213558671,0.3873631649702324,0.6005377376608412,0.3994622623391588,0.27731899366237756,0.7226810063376224,0.49106971384674475,0.4979834837718456,5207,10,74,21,13,12,15,22,119,43,234,422,348,75,91,0.0019204916458613404,0.014211638179373919,0.004033032456308815,0.0024966391396197426,0.0023045899750336087,0.002880737468792011,0.0042250816208949495,0.02285385058574995,0.008258114077203765,0.04493950451315537,0.08104474745534856,0.06683310927597465,0.014403687343960053,0.0174764739773382,0.00876494379271129704,0.000393872357773056131881889,0.04078953995538697819,5207.0,-0.0021125408104474552,0.0019421627069171055,0.0029711526212201633,0.011714999039754176,0.011969514022579397,0.006448740808469411,-0.0005761474937584499,0.00020611504918954804,0.004274274844644599,0.0009602458229306943,0.0007724053482259241,-0.00330306849099099,-0.01862876896485499,-0.03421941761035463,-0.012453045012574715,0.01862876896485499,0.03421941761035463,0.012453045012574715,-0.036681390435951644,-0.0697813703745298,-0.06606487571348629,-0.014595736508546175,-0.13156220587626144,-0.16215064507705368
2026-05-18,5211,916,3411,884,3038,2078,3044,2167,3115,2001,2948,2263,1473,3738,-0.00118769425588587,0.1278035714285718,-0.05122857142857115,0.8969775998025168,0.8871157314458191,1984,2011,0.1757819996161965,0.6545768566493955,0.16964114373440797,0.582997505277298,0.3987718288236423,0.5841489157551334,0.4158510842448666,0.5977739397428516,0.38399539435808866,0.5657263481097679,0.4342736518902322,0.282671272308578,0.717328727691422,0.3807330646708885,0.38591441182114755,5209,5,132,24,15,6,19,17,110,29,211,358,386,83,67,0.000959877135726627,0.025340756383182953,0.00460741025148781,0.002879631407179881,0.0011518525628719525,0.0036475331157611824,0.003263582261470532,0.021117296985985794,0.0055672873872144365,0.04050681512766366,0.06872720291802649,0.0741025148780956,0.01593396045306201,0.012862353618736801,0.012317685663928621699755,0.0004342150966254116325871368,0.03937427650184738263,5209.0,-0.003591920107252705,-0.004360116765597222,-0.0012312619636612732,0.022723532826015413,0.03309418771366665,0.03222042491834032,-0.002560397545824711,-0.005249085850030588,-0.0014729925124387089,0.002382353117861613,0.006223336409584335,0.002269810757142221,-0.017733166057810723,-0.06113627725427706,-0.0512537365608382,0.017733166057810723,0.061136277254277005,0.05125373656083815,-0.034811389551073324,-0.09914785968742823,-0.11330497997018607,0.00535227864620047,-0.20090852411930749,-0.34158396505448174
2026-05-19,5207,902,3302,1003,3051,2061,3053,2154,3111,2001,2868,2339,2222,2985,-0.0011706653757905321,0.09443266250000013,-0.012991249999999954,0.8291268378505422,0.8186917897547442,1651,1737,0.1732283464566929,0.6341463414634146,0.19262531207989245,0.585942001152295,0.39581332821202225,0.5863260994814673,0.41367390051853276,0.597464951027463,0.38429037833685425,0.5507970040330324,0.44920299596696756,0.42673324371038984,0.5732667562896101,0.3170731707317073,0.33358939888611483,5206,2,129,12,10,20,4,54,41,61,137,119,869,57,58,0.000384172109104879,0.024779101037264696,0.002305032654629274,0.001920860545524395,0.00384172109104879,0.000768344218209758,0.010372646945831733,0.007875528236650019,0.01171724932769881,0.02631578947368421,0.0228582404917403,0.16692278140606992,0.010948905109489052,0.01114099116404149,0.01332740432862367775,0.000484957990073087620908778,0.04141923376398295478,5206.0,-0.002553653159503594,-0.008258114077203754,-0.0042034105598391935,0.022984168345484474,0.05742270021125406,0.057677215194079284,0.0029444958749970107,-0.00019204916458614996,0.000590213378361848,-0.002958500611620063,0.0003840983291722444,0.00019625785446747424,0.002177183726333909,-0.034184751296331806,-0.049775399941831444,-0.0021771837263338534,0.03418475129633186,0.0497753999418315,-0.014929344076735407,-0.08642212406376037,-0.11952210400233854,0.14406197140181182,0.1348185135394661,0.017852044171750847
2026-05-20,5212,895,3324,993,3046,2071,2996,2216,3147,1970,2759,2453,1880,3332,-0.0011243250787639119,0.05606998252321385,-0.03039821428571436,0.8372671919005549,0.8218773579041343,1658,1708,0.1717191097467383,0.6377590176515733,0.1905218726016884,0.5844205679201842,0.39735226400613965,0.5748273215656178,0.42517267843438217,0.6037989255564082,0.37797390636991557,0.5293553338449731,0.47064466615502687,0.3607060629316961,0.639293937068304,0.31811204911742136,0.32770529547198773,5211,4,11,13,22,11,18,30,92,44,157,648,303,90,58,0.0007676069852235655,0.002110919209364805,0.002494722701976588,0.00422183841872961,0.002110919209364805,0.0034542314335060447,0.0057570523891767415,0.017654960660142008,0.00844367683745922,0.030128574170024947,0.12435233160621761,0.05814622913068509,0.017271157167530225,0.0111303012857417,0.012440891874294530749641,0.00038210679056598450594044385,0.04318654226703099583,5211.0,-0.00150923670995462,-0.007654809976710919,-0.008423006635055436,-0.0021034394782040444,0.04360426169329584,0.05397491658094708,-0.001521433232110847,-0.0011373349029385471,-0.0038260232071444245,0.001538935794117402,0.0009627883003589521,0.004803771592081674,-0.011498777915849523,-0.027054760247326337,-0.07045787144379267,0.011498777915849412,0.02705476024732628,0.07045787144379256,-0.021441670188059314,-0.07118240381586804,-0.13551887395222295,-0.06602718077869374,0.08338706926931855,-0.12287373349618941
2026-05-21,5215,879,3360,976,2988,2134,2679,2536,3154,1968,2541,2674,1193,4022,-0.001071790653873804,-0.022825000000000095,-0.07930269675900026,1.0154603652253686,1.003273112411035,2703,2620,0.16855225311601152,0.6442953020134228,0.18715244487056568,0.5729626078619368,0.40920421860019174,0.5137104506232023,0.4862895493767977,0.6047938638542666,0.37737296260786196,0.487248322147651,0.512751677852349,0.22876318312559923,0.7712368168744008,0.5183125599232982,0.5023969319271333,5215,8,5,26,21,3,63,19,338,27,248,837,148,204,201,0.0015340364333652923,0.0009587727708533077,0.0049856184084372005,0.004026845637583893,0.0005752636625119846,0.012080536912751677,0.0036433365292425695,0.0648130393096836,0.005177372962607862,0.047555129434324064,0.1604985618408437,0.02837967401725791,0.03911792905081496,0.03854266538830297,0.00867776927536875269,0.0002882360605023323842728248,0.03647078075726431862,5215.0,-0.003166856630726772,-0.007229746500184986,-0.012934207417885146,-0.003369427731122726,0.017511301136157703,0.05194983300192729,-0.011457960058247396,-0.010034897415361232,-0.013171442454944393,0.011851954594052083,0.010432389776549422,0.01377498871734173,-0.06111687094241547,-0.07043846513193108,-0.1068004001545968,0.061116870942415524,0.07043846513193108,0.1068004001545968,-0.042107011697322116,-0.07847802596211684,-0.1499708059491418,-0.13194287980609687,-0.05390808918297879,-0.0631515470453245
2026-05-22,5214,854,3334,1026,2987,2135,2678,2536,3179,1943,2375,2839,1706,3508,-0.0011192685183572142,-0.07373170950942895,-0.040966428878714295,0.8268830556065117,0.800454675531564,1596,1603,0.1637897967011891,0.6394322976601458,0.19677790563866512,0.5728807057920982,0.4094744917529728,0.5136171845032604,0.48638281549673956,0.609704641350211,0.37265055619486,0.45550441120061375,0.5444955887993863,0.3271960107403145,0.6728039892596854,0.30609896432681244,0.3074415036440353,5214,3,54,28,4,9,9,28,28,41,206,111,624,49,24,0.0005753739930955121,0.010356731875719217,0.005370157268891446,0.0007671653241273494,0.0017261219792865361,0.0017261219792865361,0.005370157268891446,0.005370157268891446,0.007863444572305332,0.0395090141925585,0.021288837744533946,0.11967779056386652,0.009397775220560031,0.004602991944764097,0.01040017694218707253,0.000428619742182359087985230,0.04648134410547964980,5214.0,-0.004762456414822425,-0.009438549755503817,-0.015584123022260116,0.009625460768099448,0.004152593558772677,0.049860294730272564,-8.190206983860193e-05,-0.013061295360196845,-0.012677197031024545,0.00027027315278105313,0.013661163540950538,0.013085016047192088,-9.32661199418705e-05,-0.07270891497820686,-0.08826489730968368,9.32661199418705e-05,0.0727089149782068,0.08826489730968368,-0.03174391094703727,-0.0952925928324187,-0.14503332646022743,0.09843282761471528,-0.09953723297007533,0.04987701707793696
2026-05-25,5214,847,3355,1012,2984,2138,2644,2570,3211,1911,2242,2972,1860,3354,-0.0011173341711912968,-0.12054055366992875,-0.03620870784160736,0.868415321876308,0.8397346831497979,1851,1811,0.16244725738396623,0.6434599156118144,0.1940928270042194,0.5723053317990027,0.4100498657460683,0.507096279248178,0.49290372075182204,0.6158419639432298,0.3665132336018412,0.4299961641733794,0.5700038358266206,0.3567318757192175,0.6432681242807825,0.35500575373993093,0.3473341004986575,5214,2,2,9,16,19,22,39,73,49,182,306,461,92,60,0.0003835826620636747,0.0003835826620636747,0.0017261219792865361,0.0030686612965093976,0.00364403528960491,0.004219409282700422,0.007479861910241657,0.014000767165324127,0.009397775220560031,0.0349060222477944,0.05868814729574223,0.08841580360567702,0.017644802454929037,0.011507479861910242,0.010247100470984699517299,0.00041133724409857438932263873,0.04791751511138369940,5214.0,-0.0013425393172228628,-0.00927185236277206,-0.013334742232230273,-0.0026850786344457256,0.003570954402530996,0.024451683269811425,-0.0005753739930954849,-0.012115236121181483,-0.01069217347829532,0.0005753739930954849,0.012697601739928621,0.01127803692242596,-0.006520905255082421,-0.06773104231743976,-0.07705263650695537,0.006520905255082476,0.06773104231743987,0.07705263650695543,-0.025508247027234365,-0.09935916967159375,-0.13573018393638847,0.02953586497890298,-0.003974187212478608,0.07406060341063947
2026-05-26,5214,825,3398,991,2953,2169,2489,2725,3211,1911,2033,3181,1483,3731,-0.0011251490198201687,-0.19081071796055354,-0.0708306249995724,0.8803207333295899,0.83456369020545,1856,1703,0.15822784810126583,0.6517069428461834,0.19006520905255084,0.5663598005370157,0.4159953970080552,0.47736862293824317,0.5226313770617568,0.6158419639432298,0.3665132336018412,0.38991177598772536,0.6100882240122747,0.2844265439202148,0.7155734560797852,0.35596471039509014,0.32662063674721903,5214,6,0,29,21,3,35,21,177,37,247,601,224,112,113,0.0011507479861910242,0.0,0.0055619485999232835,0.004027617951668585,0.0005753739930955121,0.006712696586114308,0.004027617951668585,0.03394706559263521,0.007096279248177982,0.04737245876486383,0.11526658995013425,0.04296125815113157,0.021480629075565784,0.02167242040659762,0.01115217954095450809,0.0003508054434272011828277800,0.04680253423367719436,5214.0,-0.004219409282700398,-0.010324405014745686,-0.015000498355427078,-0.004027617951668561,0.0029127641819851613,-0.002560103027341609,-0.005945531261986936,-0.006602807324921023,-0.019582200615279266,0.005945531261986936,0.006791178407863474,0.02018206879603296,-0.029727656309934847,-0.03634182768495914,-0.10895747654322413,0.029727656309934736,0.03634182768495908,0.10895747654322402,-0.04008438818565402,-0.09733654615992565,-0.16088522804530708,-0.07230533179900267,0.05566336079461559,-0.14230669979017502
2026-05-27,5213,807,3406,1000,2905,2220,2248,2965,3240,1885,1790,3423,1108,4105,-0.0011875021673418797,-0.3046107142857142,-0.11144642857142939,0.900872234317052,0.8463423935999199,1950,1731,0.15480529445616728,0.6533665835411472,0.1918281220026856,0.5572606944178017,0.42585843084596203,0.4312296182620372,0.5687703817379628,0.6215231152887013,0.36159600997506236,0.3433723383848072,0.6566276616151928,0.21254555917897563,0.7874544408210243,0.3740648379052369,0.33205447918664877,5213,8,15,26,6,4,51,17,257,19,261,520,147,173,147,0.0015346249760214848,0.0028774218300402837,0.004987531172069825,0.0011509687320161136,0.0007673124880107424,0.009783234222136965,0.003261078074045655,0.0492998273546902,0.0036447343180510262,0.05006713984270094,0.09975062344139651,0.028198733934394784,0.03318626510646461,0.028198733934394784,0.01052312964654160325,0.000313455376225131354173504,0.04665206996583800416,5213.0,-0.0034225536450985528,-0.008984502245021814,-0.01691381529057101,0.001762912950134754,-0.004949783635979532,0.0013062494009971892,-0.009099106119214051,-0.015620011374296472,-0.02715987350238247,0.00986303383790682,0.01638393909298924,0.028506166839822378,-0.046139004676205964,-0.08238756624122323,-0.14359770330358057,0.04613900467620602,0.08238756624122323,0.14359770330358063,-0.04653943760291818,-0.11213207281580656,-0.18598299546016595,-0.07188098474123919,-0.11465045156133888,-0.14816050375272047
2026-05-28,5213,798,3398,1017,2897,2232,2203,3010,3259,1870,1619,3594,1258,3955,-0.001266998686631382,-0.3886915044375002,-0.08120018437071438,0.8193837365380918,0.7597207900494555,1468,1320,0.1530788413581431,0.6518319585651257,0.19508920007673125,0.5557260694417802,0.42816036830999427,0.42259735277191635,0.5774026472280837,0.6251678496067523,0.35871858814502205,0.31056972952234796,0.689430270477652,0.24131977747937847,0.7586802225206215,0.28160368309994244,0.253213121043545,5213,9,23,18,6,7,15,12,57,27,197,221,371,53,38,0.0017264530980241703,0.004412046806061769,0.0034529061960483407,0.0011509687320161136,0.001342796854018799,0.0028774218300402837,0.002301937464032227,0.010934202954153078,0.005179359294072511,0.03779014003452906,0.04239401496259352,0.07116823326299636,0.010166890466142336,0.0072894686361020524,0.01278322267417751303,0.0004776122168233485358567224,0.04728048850960383661,5213.0,-0.0017264530980241888,-0.00936841602582314,-0.015473411757868427,0.003261078074045659,0.0009963730725118525,0.007936755206165574,-0.0015346249760215258,-0.016579262357222513,-0.0172365384201566,0.002301937464032233,0.01811050256392599,0.018956149709802528,-0.00863226549012086,-0.08449892647626167,-0.09111309785128596,0.00863226549012086,0.08449892647626162,0.09111309785128596,-0.032802608862459226,-0.11942643465103142,-0.17667859262530305,0.028774218300402832,-0.11541209823983903,0.012556594353779232
2026-05-29,5213,779,3369,1065,2845,2286,1948,3265,3271,1860,1397,3816,1082,4131,-0.0013548897314753505,-0.5048892857142857,-0.1338703671107142,0.9322732071067552,0.8604304076023536,2186,1880,0.14943410704009208,0.6462689430270477,0.20429694993286016,0.5457510070976405,0.4385190868981393,0.37368118166123154,0.6263188183387685,0.6274697870707846,0.3568003069249952,0.2679838864377518,0.7320161135622483,0.20755802800690581,0.7924419719930942,0.4193362746978707,0.3606368693650489,5213,5,57,24,9,2,54,18,273,32,254,531,354,175,165,0.0009591406100134279,0.010934202954153078,0.004603874928064454,0.0017264530980241703,0.0003836562440053712,0.010358718588145022,0.0034529061960483407,0.05236907730673317,0.006138499904085939,0.04872434298868214,0.10186073278342606,0.0679071551889507,0.03356992135046998,0.03165164013044312,0.00896408216155219562,0.0003540505961413193425221589,0.04396120610046673915,5213.0,-0.0036447343180510128,-0.008793741061173754,-0.014355689661097015,0.009207749856128905,0.014231740880309318,0.007519044294195032,-0.009975062344139696,-0.020608793439375273,-0.027129698694457693,0.010358718588145022,0.022523689890084075,0.029044595145166496,-0.0489161711106848,-0.10368744127701163,-0.1399360028420289,0.0489161711106848,0.10368744127701168,0.1399360028420289,-0.042585843084596176,-0.12192788954997358,-0.18752052476286196,-0.03376174947247265,-0.07686851591330901,-0.1196379827334087
2026-06-01,5210,768,3333,1109,2841,2288,1897,3313,3218,1911,1233,3977,1722,3488,-0.0013993141123758066,-0.5983470819811432,-0.07047279920633895,0.8788523295957971,0.8134881057304135,1958,1727,0.1474088291746641,0.6397312859884837,0.2128598848368522,0.5452975047984645,0.4391554702495202,0.36410748560460654,0.6358925143953935,0.617658349328215,0.3667946257197697,0.23666026871401152,0.7633397312859885,0.3305182341650672,0.6694817658349328,0.37581573896353165,0.33147792706333973,5210,1,54,11,10,3,5,34,83,39,203,146,784,34,87,0.00019193857965451057,0.01036468330134357,0.002111324376199616,0.0019193857965451055,0.0005758157389635317,0.0009596928982725527,0.006525911708253359,0.015930902111324377,0.007485604606525912,0.038963531669865645,0.02802303262955854,0.15047984644913628,0.006525911708253359,0.016698656429942418,0.01026175307819603335,0.000377583713879173382861005,0.04518043208133048641,5210.0,-0.0020252778654279713,-0.007396465281503173,-0.015038428209302124,0.008562934903992042,0.021031762834166606,0.0187670578326328,-0.0004535022991759563,-0.011963189619337178,-0.027007827000538165,0.000636383351380887,0.013297039403558142,0.0291056045034519,-0.009573696056625003,-0.06712213265743067,-0.14298879364357148,0.009573696056625058,0.06712213265743072,0.14298879364357148,-0.03132361772374026,-0.10671206967079566,-0.19333589545936786,0.12296020615816139,0.11797267498609157,-0.02621364155415029
2026-06-02,5209,749,3305,1155,2825,2306,1845,3364,3215,1916,1079,4130,1520,3689,-0.0014362191683975145,-0.6895035714285709,-0.08011785714285735,0.812314053345829,0.7398790003096307,1464,1263,0.14378959493184873,0.6344787867153004,0.22173161835285082,0.5423305816855443,0.4426953349971204,0.35419466308312536,0.6458053369168747,0.6172009982722212,0.36782491841044346,0.2071414858898061,0.7928585141101939,0.2918026492608946,0.7081973507391054,0.2810520253407564,0.242464964484546,5209,2,52,20,6,4,23,22,76,37,192,415,215,56,62,0.0003839508542906508,0.00998272221155692,0.003839508542906508,0.0011518525628719525,0.0007679017085813016,0.004415434824342484,0.0042234593971971586,0.01459013246304473,0.00710309080437704,0.03685928201190248,0.07966980226531004,0.04127471683624496,0.010750623920138222,0.011902476483010174,0.01138118274140295146,0.000368609595081290682519677,0.04974967700113657654,5209.0,-0.003619234242815378,-0.009289246426294362,-0.014438253169417103,0.008871733515998625,0.026642418276119573,0.031666409300299986,-0.002966923112920239,-0.013395487756235891,-0.024029218851471468,0.0035398647476002076,0.014534966687126116,0.02669993798906517,-0.00991282252148118,-0.06840268968879099,-0.12317395985511781,0.00991282252148118,0.06840268968879104,0.12317395985511792,-0.02951878282420542,-0.10342824363254186,-0.18277029009791926,-0.038715584904172595,0.05048287178151614,0.007376105340679784
2026-06-03,5214,744,3219,1251,2814,2322,1766,3448,3240,1896,989,4225,1644,3570,-0.0014784588613907207,-0.7767841125126791,-0.06041243386083944,0.8261511051843797,0.7431036931801065,1508,1292,0.142692750287687,0.6173762945914845,0.23993095512082854,0.5397008055235903,0.44533947065592633,0.33870349060222477,0.6612965093977752,0.6214039125431531,0.36363636363636365,0.18968162639048716,0.8103183736095129,0.31530494821634064,0.6846950517836594,0.28922132719601074,0.24779439969313388,5213,4,103,11,8,10,22,17,98,46,139,234,356,84,62,0.0007673124880107424,0.019758296566276617,0.0021101093420295416,0.0015346249760214848,0.0019182812200268559,0.004220218684059083,0.003261078074045655,0.018799155956263188,0.008824093612123537,0.026664108958373296,0.04488778054862843,0.06829081143295607,0.01611356224822559,0.011893343564166508,0.01319539328385968298,0.0004209073567751426051348115,0.05448149799388200521,5213.0,-0.0010968446441617374,-0.006741356752405087,-0.012112544168480288,0.01819933676797772,0.03563400518796839,0.04810283311814295,-0.002629776161953923,-0.006050201574050118,-0.01755988889421134,0.002644135658805946,0.006820383757787041,0.019481039809964296,-0.015491172480900595,-0.03497769105900678,-0.09252612765981244,0.015491172480900484,0.03497769105900672,0.09252612765981238,-0.01745985949931894,-0.07830226004726462,-0.15369071199432002,0.023502298955446033,0.10774692020943483,0.102759389037365
2026-06-04,5214,723,3031,1460,2763,2376,1669,3545,3274,1865,897,4317,1456,3758,-0.00151609504681656,-0.8748409471260715,-0.059964285714285526,0.7833118558914534,0.7036224912210596,1240,1056,0.1386651323360184,0.581319524357499,0.28001534330648253,0.5299194476409667,0.45569620253164556,0.32009973149213655,0.6799002685078634,0.6279248177982355,0.35769083237437665,0.1720368239355581,0.8279631760644419,0.2792481779823552,0.7207518220176448,0.23782125047947833,0.20253164556962025,5214,4,217,25,8,5,56,27,124,31,124,446,259,119,88,0.0007671653241273494,0.041618718833908705,0.004794783275795934,0.0015343306482546988,0.0009589566551591868,0.010740314537782892,0.005178365937859608,0.023782125047947834,0.005945531261986959,0.023782125047947834,0.08553893364019946,0.049673954737245875,0.022823168392788647,0.016877637130801686,0.01062191074081540826,0.000358122113591860194629112,0.04586474017340946530,5214.0,-0.004027617951668588,-0.008743696838645704,-0.014413709022124688,0.04008438818565399,0.06715545846963034,0.08492614322975128,-0.009781357882623687,-0.015378057157497849,-0.0258066218008135,0.010356731875719227,0.01654073228212538,0.02753583422165129,-0.018603759110088214,-0.04400775411246999,-0.1024976212797798,0.01860375911008827,0.04400775411246993,0.1024976212797798,-0.017644802454929054,-0.06462344477845341,-0.13853290558678985,-0.03605677023398546,-0.05127005618271202,0.03792840050297672
2026-06-05,5216,703,2591,1922,2759,2383,1639,3577,3262,1880,837,4379,2215,3001,-0.0016077848811818568,-0.9582647902343218,-0.01647500000000046,0.8633545939127776,0.7824980305416223,1746,1408,0.1347776073619632,0.49674079754601225,0.36848159509202455,0.5289493865030674,0.4568634969325153,0.31422546012269936,0.6857745398773006,0.6253834355828221,0.3604294478527607,0.16046779141104295,0.839532208588957,0.4246549079754601,0.5753450920245399,0.33473926380368096,0.26993865030674846,5216,1,473,21,11,5,10,20,51,50,110,201,958,35,48,0.00019171779141104295,0.09068251533742332,0.004026073619631902,0.0021088957055214724,0.0009585889570552147,0.0019171779141104294,0.003834355828220859,0.009777607361963191,0.009585889570552147,0.021088957055214724,0.03853527607361963,0.18366564417177914,0.006710122699386503,0.009202453987730062,0.01321632519533508131,0.000458821115803683253855226,0.05955143092037205957,5216.0,-0.003887524974055201,-0.009011987569885527,-0.014656499678128876,0.08846625178554202,0.14674997673917373,0.1641846451591644,-0.0009700611378992141,-0.013381195182476824,-0.01680162059457302,0.0011672944008697672,0.01416816193539494,0.018344410034376035,-0.0058742713694371895,-0.039969202960426,-0.05945572153853218,0.0058742713694371895,0.03996920296042594,0.05945572153853218,-0.01156903252451516,-0.046673694478763156,-0.10751609502670884,0.14540672999310494,0.13285225871456552,0.2170968799685543
2026-06-08,5216,638,2635,1943,2660,2484,1465,3751,3267,1877,783,4433,1812,3404,-0.0017005032096277953,-1.0269179908632684,-0.03665223939569663,0.9283790401912198,0.8212956814495359,2071,1463,0.1223159509202454,0.5051763803680982,0.3725076687116564,0.5099693251533742,0.4762269938650307,0.2808665644171779,0.7191334355828221,0.6263420245398773,0.3598542944785276,0.15011503067484663,0.8498849693251533,0.3473926380368098,0.6526073619631901,0.39704754601226994,0.28048312883435583,5216,0,28,64,7,2,99,19,191,41,95,637,234,150,147,0.0,0.005368098159509203,0.012269938650306749,0.0013420245398773007,0.0003834355828220859,0.018980061349693253,0.0036426380368098157,0.0366180981595092,0.00786042944785276,0.01821319018404908,0.12212423312883436,0.04486196319018405,0.028757668711656442,0.028182515337423313,0.01419494103238844192,0.000325329040526510480858127,0.05099144332662336951,5216.0,-0.012461656441717803,-0.020376799367441592,-0.025092878254418707,0.004026073619631865,0.13257671359082787,0.15964778387480422,-0.01898006134969321,-0.029731480370216112,-0.035328179645090274,0.01936349693251538,0.030887523209104373,0.03707152361551053,-0.033358895705521474,-0.05783692618504688,-0.08324092118742865,0.03335889570552142,0.05783692618504688,0.08324092118742854,-0.010352760736196315,-0.03956659571564053,-0.08654523803916489,-0.07726226993865032,0.03208768982046917,0.016874403871742605
2026-06-09,5216,628,2655,1933,2644,2501,1445,3771,3287,1858,751,4465,2350,2866,-0.0017946838503863011,-1.0292567601915181,-0.008532081419428766,0.7818245894238542,0.6931593057899845,1267,1072,0.12039877300613497,0.509010736196319,0.370590490797546,0.5069018404907976,0.4794861963190184,0.27703220858895705,0.722967791411043,0.6301763803680982,0.3562116564417178,0.14398006134969324,0.8560199386503068,0.4505368098159509,0.5494631901840491,0.2429064417177914,0.20552147239263804,5216,3,2,14,10,5,23,18,40,54,86,203,741,51,32,0.0005751533742331289,0.0003834355828220859,0.0026840490797546013,0.0019171779141104294,0.0009585889570552147,0.004409509202453987,0.003450920245398773,0.007668711656441718,0.010352760736196318,0.016487730061349692,0.038918711656441715,0.14206288343558282,0.009777607361963191,0.006134969325153374,0.01029302913677735717,0.000472876679962445974711172,0.05547881832520799512,5216.0,-0.0019171779141104323,-0.018266359329883436,-0.02339082192571376,-0.0019171779141103906,0.09057514749106349,0.1488588724446952,-0.0030674846625766694,-0.023017607150169095,-0.035428741194746705,0.0032592024539876974,0.023789993787372843,0.036790861321898016,-0.0038343558282208368,-0.0430675229031795,-0.07716245449416831,0.0038343558282208923,0.0430675229031795,0.07716245449416825,-0.006134969325153394,-0.02805676258586487,-0.06316142454011286,0.10314417177914109,0.17128863183359572,0.1587341605550563
2026-06-10,5213,614,2663,1936,2599,2543,1382,3831,3306,1836,748,4465,2608,2605,-0.001873271091140352,-1.0417178571428571,6.785714285728606e-05,0.817083309361138,0.7269518957111581,1426,1182,0.11778246690964896,0.5108382888931517,0.3713792441971993,0.4985612890849799,0.48781891425282947,0.2651064646077115,0.7348935353922885,0.6341837713408786,0.35219643199693074,0.14348743525800883,0.8565125647419912,0.500287742183004,0.49971225781699596,0.27354690197582965,0.22674084020717436,5213,9,7,23,4,2,45,21,85,46,49,321,579,81,61,0.0017264530980241703,0.001342796854018799,0.004412046806061769,0.0007673124880107424,0.0003836562440053712,0.008632265490120852,0.004028390562056398,0.016305390370228275,0.008824093612123537,0.009399577978131594,0.06157682716286208,0.11106848263955496,0.015538077882217532,0.011701515442163822,0.01190905431590992618,0.0003827147725146391312508445,0.04344432718142148161,5213.0,-0.0026163060964860124,-0.016995140452314247,-0.024910283378038037,0.0007887533996532858,0.00289764910517476,0.13144828907637077,-0.008340551405817687,-0.030388097418087567,-0.04113951643861047,0.008332717933811074,0.03095541732031415,0.042479443596903144,-0.011925743981245573,-0.049118995514987884,-0.07359702599451329,0.011925743981245573,0.049118995514987884,0.07359702599451334,-0.0004926260916844061,-0.016980356153034115,-0.04619419113247833,0.04975093236705308,0.07563283420754385,0.18498279396666334
2026-06-11,5211,600,2663,1948,2524,2619,1300,3911,3367,1776,748,4463,2251,2960,-0.0019376916574224594,-1.0582677410217494,-0.013578571428571329,0.7939846373349286,0.7027494724510641,1418,1107,0.11514104778353483,0.5110343504125887,0.3738246018038764,0.48436000767606985,0.5025906735751295,0.2494722701976588,0.7505277298023412,0.6461331798119363,0.3408175014392631,0.14354250623680676,0.8564574937631932,0.4319708309345615,0.5680291690654385,0.272116676261754,0.21243523316062177,5211,5,19,18,5,4,78,16,97,71,71,627,274,121,61,0.0009595087315294569,0.0036461331798119364,0.0034542314335060447,0.0009595087315294569,0.0007676069852235655,0.014968336211859529,0.003070427940894262,0.018614469391671464,0.013625023987718289,0.013625023987718289,0.1203223949337939,0.05258107848781424,0.023220111303012856,0.011706006524659375,0.01110782320518204323,0.000386941246975219814360821,0.05040531178198249797,5211.0,-0.002641419126114125,-0.00717490313671057,-0.023524084552483573,0.002445357606677079,0.001316933092219974,0.09380925849739385,-0.014201281408910027,-0.025609317477304383,-0.04555943996489681,0.014771759322300071,0.026363679710098842,0.04689447104348399,-0.015634194410052676,-0.03139429421951909,-0.07062746129447775,0.01563419441005265,0.031394294219519114,0.07062746129447772,5.5070978797922e-05,-0.006572524438039878,-0.028494317698751354,-0.06831691124844247,0.0845781928977517,0.15272265295220633
2026-06-12,5212,598,2665,1949,2519,2626,1297,3915,3363,1782,738,4474,3083,2129,-0.0020192872588847294,-1.0230698808783392,0.020286848503928492,0.9541460584270323,0.8725655914398784,2372,2003,0.11473522640061397,0.5113200306983884,0.3739447429009977,0.4833077513430545,0.5038372985418266,0.24884881043745202,0.751151189562548,0.6452417498081351,0.34190330007674596,0.14159631619339985,0.8584036838066001,0.5915195702225633,0.4084804297774367,0.4551036070606293,0.3843054489639294,5212,4,15,6,15,3,9,34,38,48,61,137,968,39,45,0.0007674597083653108,0.0028779739063699156,0.0011511895625479663,0.0028779739063699156,0.0005755947812739831,0.0017267843438219493,0.006523407521105142,0.0072908672294704525,0.00920951650038373,0.01170376055257099,0.026285495011511895,0.18572524942440521,0.007482732156561781,0.008633921719109747,0.01133213268032004942,0.000389255060479608709378072,0.04219448174160422467,5212.0,-0.00040582138292086234,-0.005663546605521,-0.020042380961349235,0.00012014109712132903,0.0033542521034516937,0.005463147808973168,-0.0010522563330153667,-0.02359408914774308,-0.04564163516001296,0.0012466249666970297,0.024351102222808174,0.04697380160931125,-0.0006234597602067793,-0.02818339815150503,-0.06537664968524734,0.0006234597602068348,0.028183398151505057,0.06537664968524737,-0.0019461900434069035,-0.0023837451562933876,-0.018871475217643097,0.15954873928800178,0.1409827604066124,0.16686466224710317
2026-06-15,5207,605,2653,1949,2510,2630,1328,3879,3380,1760,796,4411,3837,1370,-0.0020687406397119443,-0.9374561646904995,0.06119285714285683,0.933387247453799,0.8771598635107506,2215,1948,0.1161897445746111,0.5095064336470136,0.3743038217783753,0.4820434031111965,0.5050893028615325,0.255041290570386,0.744958709429614,0.6491261763011331,0.33800652967159595,0.1528711350105627,0.8471288649894373,0.7368926445169963,0.2631073554830036,0.4253888995582869,0.37411177261378914,5207,11,9,3,9,4,8,48,16,96,37,117,877,46,28,0.0021125408104474747,0.0017284424812752065,0.0005761474937584022,0.0017284424812752065,0.0007681966583445362,0.0015363933166890724,0.009218359900134435,0.0030727866333781447,0.01843671980026887,0.0071058190896869594,0.022469752256577685,0.16842711734203955,0.008834261570962166,0.005377376608411754,0.00814856796938272321,0.0004211392664778527515426913,0.04607123054834701048,5207.0,0.001454518173997138,-0.0015927223350378494,-0.006126206345634294,0.00035907887737757216,0.00292457758117598,0.0017961530667188752,-0.0012643482318580035,-0.016517885973783397,-0.027925922042177753,0.0012520043197059572,0.017270388608703058,0.02886230899650183,0.00619248013293397,-0.010065174037325486,-0.025825273846791896,-0.006192480132934053,0.01006517403732543,0.025825273846791896,0.011274818817162857,0.009383699752553876,0.0027561043357160753,0.14537307429443302,0.23660490233399234,0.3895000064801865
2026-06-16,5212,607,2662,1943,2508,2637,1362,3850,3402,1743,860,4352,4166,1046,-0.002086297050701435,-0.8254535663689642,0.09798827925616072,0.8933156365568242,0.8412519259028244,1883,1696,0.11646201074443592,0.5107444359171144,0.3727935533384497,0.48119723714504986,0.5059478127398311,0.26132003069838833,0.7386799693016116,0.6527244819646969,0.3344205679201842,0.16500383729854182,0.8349961627014582,0.7993092862624712,0.20069071373752878,0.36128165771297005,0.3254029163468918,5212,7,7,6,12,1,7,49,13,106,41,178,508,43,21,0.001343054489639294,0.001343054489639294,0.0011511895625479663,0.0023023791250959325,0.0001918649270913277,0.001343054489639294,0.009401381427475057,0.0024942440521872602,0.020337682271680736,0.007866462010744436,0.03415195702225633,0.09746738296239447,0.00825019186492709,0.004029163468917882,0.009674729557012804905470,0.00043263445059719994470142714,0.04054560377176864673,5212.0,0.0002722661698248141,0.0013209629609010898,-0.003936762261699048,-0.0015102684399255772,-0.001031048465426676,0.0022030625409036886,-0.000846165966146617,-0.003162770531019987,-0.0257046033457477,0.0008585098782986078,0.0033571391647015947,0.02646161642081274,0.006278740128002336,0.011847760500729526,-0.015712177890568724,-0.006278740128002336,-0.011847760500729554,0.015712177890568668,0.012132702287979108,0.02146133106173506,0.021023775948848578,0.0624166417454749,0.3673384553279097,0.3487724764465203
2026-06-17,5208,608,2643,1957,2494,2650,1360,3848,3432,1712,964,4244,3893,1315,-0.0021030386374737593,-0.7198392857142859,0.07600183738260724,0.8712965769322689,0.8197697698274218,1758,1599,0.11674347158218126,0.5074884792626728,0.37576804915514594,0.47887864823348697,0.5088325652841782,0.261136712749616,0.738863287250384,0.6589861751152074,0.32872503840245776,0.18509984639016897,0.814900153609831,0.7475038402457758,0.2524961597542243,0.33755760368663595,0.30702764976958524,5208,7,23,5,9,6,16,45,44,140,34,466,197,66,36,0.0013440860215053765,0.004416282642089093,0.0009600614439324117,0.0017281105990783411,0.001152073732718894,0.0030721966205837174,0.008640552995391706,0.008448540706605223,0.026881720430107527,0.006528417818740399,0.08947772657450077,0.03782642089093702,0.012672811059907835,0.0069124423963133645,0.011633582174048428524713,0.0003854949602898111311469353,0.04220746424000134265,5208.0,0.0002814608377453426,0.0020082451815672947,-0.0010389953274676927,0.002974495816696232,0.001823306254148227,0.004388804957946635,-0.002318588911562891,-0.0044291031095675115,-0.019682640851492905,0.002884752544347058,0.004995266742351623,0.021013651031348723,-0.00018331794877235463,0.01228790231216395,-0.003969751858095505,0.00018331794877235463,-0.012287902312164034,0.003969751858095449,0.02009600909162715,0.043503530196769113,0.04161241113216013,-0.051805446016695456,0.15598427002321247,0.24721609806277178
2026-06-18,5206,599,2580,2027,2455,2687,1357,3849,3488,1654,1055,4151,3556,1650,-0.0021405187909146915,-0.6537356090015537,0.053342756583571405,0.902605979067328,0.8409414052691209,1917,1755,0.11505954667691126,0.4955820207452939,0.38935843257779484,0.47157126392623894,0.5161352285824049,0.2606607760276604,0.7393392239723396,0.6699961582789089,0.31771033422973494,0.20265078755282367,0.7973492124471764,0.6830580099884749,0.3169419900115252,0.36822896657702653,0.33711102573953133,5206,2,76,12,8,4,41,44,47,146,53,522,189,96,38,0.000384172109104879,0.014598540145985401,0.002305032654629274,0.001536688436419516,0.000768344218209758,0.007875528236650019,0.008451786400307337,0.009028044563964657,0.028044563964656165,0.010180560891279293,0.10026892047637341,0.03630426431041106,0.01844026123703419,0.0072992700729927005,0.016232670652249170722945,0.0004568102202096422590823458,0.05107685425246508985,5206.0,-0.0016839249052700012,-0.0011301978976998445,-8.15011066235688e-05,0.0135903834226489,0.015054610799419554,0.015533830773918456,-0.007307384307248033,-0.01047213918495754,-0.012788743749830911,0.007302663298226708,0.011045925720872374,0.01354455500727536,-0.000475936721955561,0.00561948545727442,0.01118850583000161,0.00047593672195567205,-0.005619485457274309,-0.011188505830001527,0.01755094116265471,0.049779652542260966,0.05910828131601692,-0.06444583025730088,-0.05383463452852144,0.25108717905391337
2026-06-22,5209,566,2586,2057,2440,2705,1369,3840,3517,1628,1196,4013,3976,1233,-0.0021899940035094378,-0.5504224592734293,0.1037607142857142,1.1208611821757166,1.0671648771376248,3472,3068,0.10865809176425417,0.4964484545978115,0.3948934536379343,0.468420042234594,0.5192935304281052,0.26281435976195044,0.7371856402380496,0.6751775772701094,0.31253599539258975,0.2296026108658092,0.7703973891341909,0.7632942983298138,0.2367057016701862,0.6665386830485698,0.5889806104818583,5209,2,36,35,6,9,26,56,46,193,51,141,560,75,49,0.0003839508542906508,0.006911115377231714,0.006719139950086389,0.0011518525628719525,0.0017277788443079286,0.00499136110577846,0.010750623920138222,0.008830869648684968,0.0370512574390478,0.009790746784411596,0.02706853522749088,0.10750623920138222,0.014398157035899405,0.009406795930120945,0.00933289369671753320,0.0004100288338390293545544162,0.04043404004974233259,5209.0,-0.00640145491265709,-0.007803918980181748,-0.006077134636359796,0.005535021060139478,0.02209990029948461,0.020948710736936604,-0.0031512216916449454,-0.012777194910455869,-0.01488770910846049,0.0031583018457003176,0.013345717688274084,0.015456231886278649,0.002153583734290032,0.0014943290635621165,0.013965549324498422,-0.0021535837342900876,-0.001494329063562061,-0.01396554932449845,0.026951823312985512,0.06459877356726737,0.08800629467240934,0.08023628834133889,-0.03601498793265745,0.17177472810725047
2026-06-23,5216,571,2603,2042,2435,2715,1393,3823,3525,1625,1362,3854,4049,1167,-0.0022161315115117692,-0.45729043155857124,0.10717904057157168,0.9808652173801353,0.9544057973934599,2499,2353,0.10947085889570553,0.4990414110429448,0.3914877300613497,0.46683282208588955,0.5205138036809815,0.2670628834355828,0.7329371165644172,0.6758052147239264,0.3115414110429448,0.2611196319018405,0.7388803680981595,0.7762653374233128,0.22373466257668712,0.47910276073619634,0.45111196319018404,5214,8,5,2,22,3,11,48,28,196,32,257,325,44,40,0.0015343306482546988,0.0009589566551591868,0.0003835826620636747,0.004219409282700422,0.0005753739930955121,0.002109704641350211,0.009205983889528193,0.005370157268891446,0.037591100882240124,0.006137322593018795,0.0492903720751822,0.062332182585347146,0.008438818565400843,0.007671653241273495,0.01479435651848447550,0.000427728678427128058179068,0.04357084358847927567,5214.0,0.0008127671314513557,-0.007272612686475735,-0.006718885678905578,-0.0034057235765846405,0.015719680906203737,0.01718390828297439,-0.001587220148704438,-0.012045826147597416,-0.015210581025306924,0.001220273252876325,0.01168123839680335,0.015424500819449016,0.004248523673632376,0.005926170685966847,0.012021592865196828,-0.004248523673632376,-0.005926170685966792,-0.012021592865196773,0.03151702103603132,0.07601978551167154,0.1082484968912778,0.01297103909349906,0.028761497177537065,0.03937269290631651
2026-06-24,5214,567,2604,2043,2399,2750,1380,3834,3567,1582,1466,3748,3622,1592,-0.0022557099785241548,-0.3999613764537861,0.06321949053553533,0.9555750093788873,0.9029660303687372,2286,2050,0.10874568469505179,0.4994246260069045,0.39182968929804374,0.46010740314537785,0.5274261603375527,0.2646720368239356,0.7353279631760644,0.6841196777905638,0.3034138856923667,0.28116609129267356,0.7188339087073264,0.694668200997315,0.3053317990026851,0.43843498273878023,0.3931722286152666,5214,9,7,13,4,3,39,45,58,168,64,573,148,92,49,0.0017261219792865361,0.0013425393172228615,0.002493287303413886,0.0007671653241273494,0.0005753739930955121,0.007479861910241657,0.00863060989643268,0.011123897199846567,0.03222094361334868,0.01227464518603759,0.10989643268124281,0.02838511699271193,0.017644802454929037,0.009397775220560031,0.00749032461142173317,0.0003115522867036507993775172,0.04716000258917574624,5214.0,-0.0007251742006537387,-0.006313861981859473,-0.007716326049384131,0.00034195923669405603,0.0024712567202488933,0.019036135959594025,-0.006725418940511707,-0.01146386078086109,-0.021089833999672014,0.006912356656571195,0.011290931755147837,0.021478347597721603,-0.002390846611647235,0.004011260796275173,0.0033520061255472577,0.002390846611647235,-0.004011260796275229,-0.0033520061255472022,0.02004645939083305,0.07851530373984988,0.11616225399413174,-0.08159713642599786,0.011610191008840087,-0.10464108526515625
2026-06-25,5213,572,2598,2043,2342,2808,1331,3882,3609,1541,1552,3661,2961,2252,-0.002313886679556437,-0.3876255043639296,0.018378695442822002,0.9836218638184461,0.9238366100755201,2490,2128,0.10972568578553615,0.4983694609629772,0.39190485325148666,0.44926146173028964,0.5386533665835411,0.25532323038557453,0.7446767696144255,0.6923076923076923,0.2956071360061385,0.29771724534816807,0.702282754651832,0.568003069249952,0.43199693075004797,0.47765202378668714,0.40821024362171493,5213,21,1,16,1,5,62,36,84,165,77,817,156,113,71,0.004028390562056398,0.0001918281220026856,0.0030692499520429697,0.0001918281220026856,0.0009591406100134279,0.011893343564166508,0.006905812392096681,0.01611356224822559,0.03165164013044312,0.01477076539420679,0.15672357567619413,0.029925187032418952,0.021676577786303473,0.013619796662190677,0.01005604009303060362,0.000334733583500135037725651,0.05137649225017850754,5213.0,0.0009800010904843642,0.0010675940212819812,-0.00701778579664511,7.516395344292492e-05,-0.0029886003864476596,0.016136804096340718,-0.010845941415088212,-0.019158580504304357,-0.029617186503197335,0.011227206245988386,0.019359836155435906,0.02982080129936293,-0.009348806438361057,-0.007491129376375916,-0.005813482364041445,0.009348806438361112,0.007491129376375971,0.005813482364041556,0.01655115405549451,0.06811463448235888,0.1126173989579991,-0.12666513174736294,-0.19529122907986174,-0.17950077099582373
2026-06-26,5214,549,2617,2048,2246,2910,1261,3953,3698,1458,1537,3677,2346,2868,-0.002370707487911031,-0.3997255814631794,-0.011528565507820443,0.9688574187786623,0.9029469334451606,2373,1968,0.10529344073647871,0.5019179133103183,0.3927886459532029,0.43076332949750673,0.5581127733026467,0.24184886843114692,0.758151131568853,0.7092443421557345,0.27963176064441886,0.294783275795934,0.705216724204066,0.44994246260069043,0.5500575373993095,0.45512082853855007,0.37744533947065595,5214,14,8,36,4,4,102,27,98,73,89,789,171,154,70,0.002685078634445723,0.0015343306482546988,0.006904487917146145,0.0007671653241273494,0.0007671653241273494,0.019562715765247412,0.005178365937859608,0.018795550441120062,0.014000767165324127,0.017069428461833524,0.15132336018411968,0.03279631760644419,0.029535864978902954,0.013425393172228616,0.00997041894361547472,0.000304215636350890598584611,0.05379311949449091691,5214.0,-0.00443224504905744,-0.0041774181592268145,-0.009766105940432548,0.000883792701716235,0.001300915891853216,0.0034302133754080533,-0.018498132232782905,-0.03606949258838282,-0.04080793442873221,0.01945940671910562,0.0375989696216652,0.041977544720241844,-0.01347436195442761,-0.025214015004435902,-0.018811907596513494,0.013474361954427527,0.025214015004435875,0.01881190759651341,-0.0029339695522340725,0.03366364389409349,0.09213248824311032,-0.1180606066492616,-0.3263228748226224,-0.23311554738778445
2026-06-29,5253,533,2669,2051,2215,2976,1226,4027,3728,1463,1526,3727,2347,2906,-0.0024597839166450083,-0.4159232118454286,-0.008653571428571594,1.0273621577415017,0.9413143150440256,2807,2290,0.10146582905006662,0.5080906148867314,0.39044355606320197,0.4216638111555302,0.566533409480297,0.2333904435560632,0.7666095564439368,0.7096897011231678,0.27850751951265945,0.29050066628593185,0.7094993337140681,0.4467923091566724,0.5532076908433277,0.5343613173424709,0.43594136683799734,5210,17,4,40,4,4,50,28,74,68,91,577,577,78,72,0.0032629558541266796,0.0007677543186180423,0.007677543186180422,0.0007677543186180423,0.0007677543186180423,0.009596928982725527,0.005374280230326296,0.014203454894433781,0.013051823416506719,0.017466410748560462,0.1107485604606526,0.1107485604606526,0.014971209213051824,0.01381957773512476,0.00762220161253488447,0.000402116359537986890897242,0.05210675610133489693,5210.0,-0.0038276116864120885,-0.007279855644985164,-0.007192262714187547,-0.0023450898900009287,-0.0013861332348417688,-0.004449897574732353,-0.009099518341976531,-0.03844359198984765,-0.04675623107906379,0.00842063617765021,0.039107249142744216,0.047239879052191736,-0.00845842487508372,-0.03128159326787239,-0.029423916205887246,0.008458424875083748,0.03128159326787239,0.029423916205887246,-0.004282609510002144,0.009334574993258293,0.060898055420122665,-0.0031501534440180334,-0.24787589184064257,-0.3165019891731414
2026-06-30,5270,552,2659,2059,2212,2999,1260,4010,3773,1438,1587,3683,3178,2092,-0.0025144149293176705,-0.3990107142857141,0.02071240656571466,0.9007903776580877,0.8308551032908209,1957,1718,0.10474383301707779,0.5045540796963947,0.3907020872865275,0.41973434535104365,0.5690702087286528,0.23908918406072105,0.7609108159392789,0.7159392789373814,0.272865275142315,0.3011385199240987,0.6988614800759013,0.6030360531309298,0.3969639468690702,0.3713472485768501,0.32599620493358633,5269,26,3,7,2,9,19,51,20,117,62,171,989,60,32,0.004934522679825394,0.0005693680015183147,0.0013285253368760675,0.0003795786676788764,0.001708104004554944,0.003605997342949326,0.00967925602581135,0.0037957866767887646,0.022205352059214273,0.01176693869804517,0.032453976086543934,0.18770165116720441,0.011387360030366294,0.006073258682862023,0.00693295053805744899,0.000392375746155787780664435,0.05485096351763346666,5269.0,0.003278003967011167,-0.004981852768458361,-0.004727025878627736,0.000258531223325531,-0.0012027659649591627,-0.0007856427748221817,-0.001929465804486552,-0.029527116379245988,-0.04709847673484591,0.0025367992483558144,0.030416842145111644,0.048556405047671225,0.005698740504657851,-0.01623404632485348,-0.02797369937486177,-0.0056987405046579065,0.01623404632485337,0.027973699374861716,0.010637853638166828,0.0034212745759306107,0.04001888802225817,0.1562437439742574,0.03503298388097775,-0.17322928429238305
2026-07-01,5255,563,2634,2058,2211,2986,1322,3933,3749,1448,1646,3609,3859,1396,-0.0025614653953930848,-0.3556300457435715,0.059922050829642914,1.0674985966222847,1.0294983068976773,3060,2790,0.10713606089438629,0.5012369172216936,0.39162702188392007,0.42074215033301615,0.568220742150333,0.251569933396765,0.748430066603235,0.7134157944814462,0.27554709800190297,0.3132254995242626,0.6867745004757374,0.7343482397716461,0.26565176022835396,0.582302568981922,0.5309229305423406,5255,21,11,9,8,7,3,74,8,117,52,143,836,38,52,0.003996194100856327,0.0020932445290199808,0.0017126546146527116,0.001522359657469077,0.0013320647002854425,0.000570884871550904,0.014081826831588963,0.001522359657469077,0.02226450999048525,0.009895337773549001,0.02721217887725975,0.15908658420551855,0.007231208372978116,0.009895337773549001,0.00745494973961176258,0.0003306869895314669545177913,0.04787253136583426807,5255.0,0.0023922278773085004,0.001842620157907579,-0.0016096238006654967,0.0009249345973925682,-0.0011616240692828295,-0.0002026674141236695,0.0010078049819725043,-0.010021179164490579,-0.039365252812361695,-0.0008494665783197464,0.010107968847686277,0.040794581812780284,0.012480749336043928,0.00972106496561806,-0.013102103427170608,-0.012480749336043928,-0.009721064965618087,0.013102103427170553,0.012086979600163916,0.0184422237283286,0.03205940823158904,0.1313121866407163,0.28440577717095566,0.03968003877433113
2026-07-02,5270,579,2635,2056,2218,2994,1357,3913,3729,1483,1723,3547,3680,1590,-0.0025932294792386157,-0.31512906711866095,0.04567378743998196,1.0140293208998854,0.9915150174716947,2738,2574,0.10986717267552182,0.5,0.3901328273244782,0.42087286527514234,0.5681214421252372,0.25749525616698293,0.7425047438330171,0.7075901328273245,0.28140417457305505,0.3269449715370019,0.6730550284629981,0.698292220113852,0.301707779886148,0.5195445920303605,0.48842504743833015,5270,23,8,8,12,4,3,60,28,121,49,454,263,29,60,0.004364326375711575,0.0015180265654648956,0.0015180265654648956,0.0022770398481973433,0.0007590132827324478,0.0005692599620493358,0.011385199240986717,0.005313092979127135,0.022960151802656547,0.009297912713472486,0.08614800759013283,0.04990512333965844,0.0055028462998102465,0.011385199240986717,0.009089214109897639444038,0.0004064848853752787127308992,0.05311445079500687056,5270.0,0.0027311117811355257,0.008401343625455193,0.00014148688998566472,-0.001494194559441886,-0.0003107287387237867,-0.0017720259270084804,0.00013071494212618662,-0.0007909458803878611,-0.028388596455147297,-9.930002509583868e-05,0.0015880326449402293,0.02946807554169606,0.005925322770217956,0.024104812610919735,0.0021720257814084043,-0.005925322770217845,-0.02410481261091968,-0.0021720257814084043,0.01371947201273932,0.036444305251070064,0.029227726188833847,-0.03605601965779415,0.25149991095717955,0.13028915086389992
2026-07-03,5269,588,2627,2054,2219,2992,1433,3836,3687,1524,1840,3429,3684,1585,-0.0026038457709290134,-0.2619892857142857,0.05202396707592866,0.9378892143198501,0.9221552730883612,2250,2207,0.11159612829758968,0.4985765799962042,0.3898272917062061,0.4211425317897134,0.5678496868475992,0.27196811539191496,0.728031884608085,0.6997532738660087,0.28923894477130385,0.3492123742645663,0.6507876257354337,0.6991839058644904,0.3008160941355096,0.427026001138736,0.41886505978364014,5269,15,7,6,8,2,1,93,17,167,49,312,316,35,76,0.0028468400075915734,0.0013285253368760675,0.0011387360030366293,0.0015183146707155057,0.0003795786676788764,0.0001897893338394382,0.017650408047067755,0.00322641867527045,0.03169481875118618,0.009299677358132473,0.05921427215790472,0.05997342949326248,0.0066426266843803376,0.014423989371797305,0.009965393839614116388507,0.0003714113440971919262947391,0.05470818072458229540,5269.0,0.0017289556220678598,0.006852295280511886,0.0063026875611109645,-0.0003055356182720681,-0.0008747955803213858,-0.0029613542469967835,0.00026966651457105417,0.0014081864386697451,-0.009620797707793338,-0.00027175527763800833,-0.0012205218810535934,0.00973691354495243,0.014472859224932022,0.032878931331193906,0.030119246960768037,-0.014472859224932133,-0.032878931331193906,-0.030119246960768065,0.02226740272756439,0.048073854340467626,0.05442909846863231,0.0008916857506384712,0.09614785273356063,0.2492414432638
2026-07-06,5269,588,2631,2050,2203,3007,1459,3810,3649,1561,1914,3355,3477,1792,-0.0026073498249680194,-0.21271785714285735,0.04482758928571451,0.8981403265788502,0.8682893374730062,1984,1919,0.11159612829758968,0.49933573733156195,0.38906813437084836,0.4181059024482824,0.5706965268551908,0.27690263807174037,0.7230973619282597,0.6925412791801101,0.29626115012336307,0.36325678496868474,0.6367432150313153,0.6598975137597267,0.3401024862402733,0.37654203833744543,0.36420573163788195,5268,19,7,20,10,2,18,68,43,163,89,423,217,43,80,0.00360668185269552,0.0013287775246772968,0.0037965072133637054,0.0018982536066818527,0.00037965072133637056,0.003416856492027335,0.012908124525436599,0.008162490508731966,0.030941533788914198,0.01689445709946849,0.08029612756264237,0.041192103264996206,0.008162490508731966,0.015186028853454821,0.007098032964086522070445,0.0003481391264775472967095798,0.04795807950592025273,5268.0,0.0,0.0044600674032033855,0.010130299247523053,-0.0007591573353577519,-0.002558887513071706,-0.0013754216923536067,-0.0030366293414310075,-0.0026362478847337667,-0.0035579087072478144,0.002846840007591611,0.002475784704857764,0.004163117374893832,0.004934522679825415,0.025332704674975393,0.04351219451567717,-0.004934522679825304,-0.02533270467497528,-0.043512194515677116,0.014044410704118437,0.05003128544442215,0.07275611868275289,-0.0392863921047637,-0.07445072601191938,0.21310520460305432
2026-07-07,5269,583,2629,2057,2173,3037,1403,3866,3624,1586,1851,3418,2370,2899,-0.0026043039023441405,-0.23048928571428606,-0.01196785714285753,0.7944336681313409,0.7458257978015881,1263,1187,0.11064718162839249,0.4989561586638831,0.3903966597077244,0.4124122224330993,0.5763902068703739,0.26627443537673184,0.7337255646232682,0.6877965458341241,0.30100588346934903,0.35130005693680016,0.6486999430631999,0.44980072119946857,0.5501992788005314,0.23970392863921047,0.22527993926741316,5269,23,12,27,5,1,31,18,74,92,155,1173,63,48,73,0.004365154678307079,0.0022774720060732587,0.005124312013664832,0.0009489466691971911,0.0001897893338394382,0.005883469349022585,0.003416208009109888,0.014044410704118429,0.017460618713228317,0.029417346745112923,0.22262288859366103,0.011956728031884608,0.009109888024293035,0.01385462137027899,0.007589869407486883627978,0.00027165246975751112361810171,0.05171275684085870535,5269.0,-0.0009489466691971898,0.00078000895287067,0.005903348611314696,0.001328525336876052,0.00026383238324623193,-0.0003054275788030858,-0.005693680015183111,-0.008460642842043065,-0.007322122917944374,0.005693680015183111,0.008268764745136714,0.007319998141721129,-0.010628202695008526,0.00877917920974891,0.027185251316010794,0.010628202695008526,-0.00877917920974891,-0.027185251316010683,-0.011956728031884578,0.02435508539979825,0.050161537012701485,-0.21009679256025815,-0.24849149891438338,-0.15323533193146122
2026-07-08,5271,574,2625,2072,2130,3083,1296,3975,3598,1615,1763,3508,2272,2999,-0.002626559418301842,-0.2555881277101424,-0.020960714285714166,0.7515669034457928,0.6993209658402403,1037,967,0.10889774236387782,0.49800796812749004,0.3930942895086321,0.4040978941377348,0.5848985012331626,0.2458736482640865,0.7541263517359135,0.6826029216467463,0.306393473724151,0.3344716372604819,0.6655283627395181,0.4310377537469171,0.5689622462530829,0.1967368620755075,0.18345664959210775,5269,19,17,29,2,3,46,16,125,70,161,426,325,77,106,0.003605997342949326,0.00322641867527045,0.005503890681343709,0.0003795786676788764,0.0005693680015183147,0.008730309356614159,0.0030366293414310114,0.023723666729929777,0.013285253368760675,0.030556082748149554,0.08085025621560069,0.06168153349781742,0.014613778705636743,0.020117669386980452,0.00959154366522602961,0.000366545933489261428437502,0.05638011570824601253,5269.0,-0.0017494392645146656,-0.0026983859337118554,0.00176168146949153,0.002697629800907708,0.0032669978024260082,0.0014672676247120542,-0.008314328295364493,-0.01704463765197861,-0.01664425619528137,0.00850829436278866,0.017048814385563382,0.016677759082829535,-0.02040078711264534,-0.026094467127828452,-0.005696285132678475,0.020400787112645258,0.02609446712782848,0.0056962851326785024,-0.016828419676318263,-0.014740737004084403,0.021246137736219306,-0.01876296745255146,-0.2681461521175733,-0.303310486024729
2026-07-09,5271,565,2617,2089,2109,3104,1289,3982,3596,1617,1649,3622,2155,3116,-0.0026691741288321705,-0.285175,-0.023470688871571,0.8267082985368706,0.7628546535040848,1272,1100,0.107190286473155,0.49649022955795863,0.39631948396888633,0.40011383039271486,0.5888825649781825,0.24454562701574653,0.7554543729842534,0.6822234870043635,0.30677290836653387,0.31284386264465947,0.6871561373553405,0.4088408271675204,0.5911591728324797,0.24132043255549232,0.20868905331056725,5271,14,20,23,3,1,22,23,31,69,184,372,256,37,39,0.0026560424966799467,0.0037943464238284954,0.00436349838740277,0.0005691519635742744,0.00018971732119142478,0.004173781066211345,0.00436349838740277,0.005881236956934168,0.01309049516220831,0.03490798709922216,0.07057484348321001,0.04856763422500474,0.007019540884082717,0.007398975526465566,0.010938715119962065211904,0.0004611227598018891999716713,0.05682275130968385366,5271.0,-0.0017074558907228254,-0.004405841824434681,-0.002676886202366821,0.0032251944602542104,0.0072513495980379705,0.0061866566444081506,-0.003984063745019917,-0.01799207205556752,-0.020759034882427474,0.003984063745019917,0.018186038122991688,0.02076112285294529,-0.0013280212483399723,-0.03235701105599384,-0.012949629151236403,0.0013280212483399723,0.032357011055993756,0.01294962915123632,-0.021627774615822437,-0.05041292232402528,-0.014101108892342451,-0.022196926579396703,-0.2510566865922063,-0.28945139294633154
2026-07-10,5270,577,2585,2108,2100,3112,1306,3964,3565,1647,1579,3691,2565,2705,-0.0027019654211375933,-0.3071098831009282,-0.004740024799785747,0.9599756663095549,0.9192998484138923,2383,2191,0.10948766603415559,0.4905123339658444,0.4,0.3984819734345351,0.5905123339658443,0.2478178368121442,0.7521821631878558,0.6764705882352942,0.31252371916508537,0.2996204933586338,0.7003795066413663,0.48671726755218214,0.5132827324478179,0.4521821631878558,0.4157495256166983,5270,18,24,5,4,2,11,44,27,93,164,218,627,27,57,0.003415559772296015,0.004554079696394687,0.0009487666034155598,0.0007590132827324478,0.0003795066413662239,0.0020872865275142313,0.008349146110056925,0.005123339658444023,0.01764705882352941,0.03111954459203036,0.041366223908918406,0.1189753320683112,0.005123339658444023,0.010815939278937382,0.01012576526173965360,0.000375412264307384237625040,0.06053319889299257488,5270.0,0.0022973795610005954,-0.0011595155942368957,-0.0021084622634340855,0.0036805160311136897,0.009603340292275608,0.010172708293793908,-0.0016318569581797449,-0.013930248998564154,-0.022660558355178273,0.0016297689876618726,0.01412212709547045,0.02266264711824517,0.003272209796397668,-0.018456598564587645,-0.024150278579770756,-0.0032722097963976404,0.01845659856458759,0.024150278579770812,-0.013223369286025688,-0.05167956357816639,-0.04959188090593253,0.07787644038466174,0.036916546352713575,-0.21246663831230828
2026-07-13,5270,546,2601,2123,2015,3199,1160,4110,3555,1659,1432,3838,1844,3426,-0.002738617315415928,-0.3903663598423207,-0.05771863363803609,0.9039960602099576,0.8328206774016391,1932,1603,0.10360531309297913,0.4935483870967742,0.40284629981024667,0.38235294117647056,0.6070208728652752,0.22011385199240988,0.7798861480075902,0.674573055028463,0.31480075901328275,0.2717267552182163,0.7282732447817837,0.34990512333965845,0.6500948766603416,0.36660341555977227,0.3041745730550285,5270,18,24,49,9,1,86,27,174,90,238,862,141,132,144,0.003415559772296015,0.004554079696394687,0.009297912713472486,0.0017077798861480076,0.00018975332068311195,0.01631878557874763,0.005123339658444023,0.03301707779886148,0.017077798861480076,0.04516129032258064,0.1635673624288425,0.026755218216318787,0.025047438330170778,0.02732447817836812,0.00397583814241909170,0.000277077461191941021276581,0.05281318162124576622,5270.0,-0.005882352941176464,-0.005292429270898694,-0.007990815204610549,0.002846299810246644,0.009752010301614544,0.013778165439398304,-0.016129032258064557,-0.02174495296126422,-0.03575296127181182,0.016508538899430825,0.022122371632112614,0.036324346010084385,-0.027703984819734323,-0.025759796271676627,-0.056788786079330494,0.02770398481973435,0.025759796271676683,0.05678878607933047,-0.027893738140417457,-0.06274488204226558,-0.09153002975046842,-0.1368121442125237,-0.08113263040725865,-0.30999239042006826
2026-07-14,5269,523,2612,2134,2006,3207,1229,4040,3515,1698,1434,3835,2578,2691,-0.0027841673778524357,-0.41792364574999996,-0.004517857142857129,0.8376270402804835,0.7619892951092215,1589,1354,0.0992598215980262,0.49572973998861264,0.40501043841336115,0.3807174036819131,0.6086543936230784,0.23325109128866958,0.7667489087113304,0.6671095084456253,0.3222622888593661,0.2721579047257544,0.7278420952742456,0.4892769026380717,0.5107230973619282,0.30157525147086733,0.25697475801859937,5268,10,18,33,7,4,13,105,36,149,148,60,795,58,97,0.0018982536066818527,0.003416856492027335,0.006264236902050114,0.0013287775246772968,0.0007593014426727411,0.0024677296886864084,0.019931662870159454,0.00683371298405467,0.028283978739559606,0.02809415337889142,0.011389521640091117,0.15091116173120728,0.011009870918754746,0.018413059984813972,0.007323212646854128169093,0.0003619746398844381446108897,0.06386950646368769074,5268.0,-0.004345491494952933,-0.007930464875128801,-0.011387360030366292,0.002164138603114485,0.008690954444474819,0.014613778705636737,-0.0016355374945574708,-0.019396426710801773,-0.03169481875118618,0.0016335207578032085,0.019771828644895906,0.03226418675270448,0.013137239296259706,-0.011294535727076949,-0.03302334408806226,-0.013137239296259762,0.011294535727076949,0.03302334408806218,0.0004311495075380867,-0.04068595791890506,-0.07914215221104576,0.13937177929841327,0.08043607547055132,0.03947618143860315
2026-07-15,5270,529,2615,2126,1993,3220,1416,3854,3311,1902,1532,3738,3015,2255,-0.0028002841895269576,-0.42082475703087474,0.02518366322137494,0.8343467314484683,0.77545911950342,1779,1694,0.10037950664136622,0.49620493358633777,0.40341555977229604,0.3781783681214421,0.6110056925996205,0.2686907020872865,0.7313092979127135,0.6282732447817837,0.36091081593927893,0.2907020872865275,0.7092979127134725,0.5721062618595826,0.4278937381404175,0.3375711574952562,0.3214421252371917,5269,18,10,12,19,4,17,250,63,222,125,102,539,63,267,0.003416208009109888,0.0018978933383943823,0.0022774720060732587,0.003605997342949326,0.0007591573353577528,0.00322641867527045,0.047447333459859554,0.011956728031884608,0.042133232112355284,0.023723666729929777,0.0193585120516227,0.1022964509394572,0.011956728031884608,0.05067375213513001,0.00844263218480216194,0.000364466554274589260704734,0.05777658601730103165,5269.0,0.0011196850433400213,-0.009108159392789375,-0.008518235722511605,-0.0015948786410651117,0.0034155597722960174,0.010321270263663918,-0.0025390355604709702,-0.020303605313093,-0.02591952601629266,0.002351298976542071,0.020493358633776104,0.026107191366457894,0.03543961079861693,0.020872865275142316,0.022817053823200012,-0.035439610798616905,-0.020872865275142316,-0.022817053823199984,0.018544182560773115,-0.008918406072106255,-0.04376954997395438,0.08282935922151086,0.08538899430740043,0.14106850811266547
2026-07-16,5270,488,2662,2120,1973,3240,1481,3789,3122,2091,1618,3652,3001,2269,-0.0028270590461178533,-0.4154266190327345,0.02463571428571429,0.8125907231365481,0.756583333772439,1594,1562,0.09259962049335864,0.505123339658444,0.40227703984819735,0.3743833017077799,0.6148007590132827,0.2810246679316888,0.7189753320683112,0.5924098671726755,0.3967741935483871,0.30702087286527513,0.6929791271347249,0.569449715370019,0.430550284629981,0.3024667931688805,0.29639468690702087,5270,20,10,61,16,1,21,172,107,217,131,221,207,52,241,0.003795066413662239,0.0018975332068311196,0.01157495256166983,0.0030360531309297912,0.00018975332068311195,0.003984819734345351,0.03263757115749526,0.020303605313092978,0.041176470588235294,0.024857685009487665,0.041935483870967745,0.03927893738140417,0.009867172675521821,0.04573055028462998,0.01063453498292199786,0.000410428875777427923433072,0.05929659857204434014,5270.0,-0.007779886148007578,-0.01100569259962049,-0.014590665979796358,-0.001138519924098691,-0.0005692599620493177,0.005957555879311016,-0.003795066413662229,-0.00796963946869067,-0.025730528684934972,0.003795066413662229,0.007779886148007509,0.025918194035100206,0.012333965844402273,0.06091081593927891,0.03647904091594226,-0.012333965844402273,-0.06091081593927894,-0.03647904091594223,0.016318785578747608,0.03529411764705881,-0.0058229897793843355,-0.0026565464895635937,0.21954459203036053,0.16060888820249858
2026-07-17,5272,351,2797,2124,1840,3378,1269,4003,3122,2096,1605,3667,2083,3189,-0.002933434558691951,-0.47621930063257256,-0.03918866477041061,1.0120932216944545,0.9366672160763323,2713,2304,0.06657814871016692,0.5305386949924128,0.40288315629742033,0.3490136570561457,0.6407435508345979,0.24070561456752657,0.7592943854324734,0.592185128983308,0.3975720789074355,0.3044385432473445,0.6955614567526556,0.3951062215477997,0.6048937784522003,0.5146054628224582,0.4370257966616085,5269,10,11,149,7,1,134,26,237,107,120,969,52,183,189,0.0018978933383943823,0.0020876826722338203,0.028278610742076295,0.0013285253368760675,0.0001897893338394382,0.025431770734484722,0.004934522679825394,0.04498007211994686,0.02030745872081989,0.022774720060732587,0.18390586449041563,0.009869045359650788,0.0347314480926172,0.035870184095653825,0.00595123099036394532,0.0002846799267206923594051239,0.06594799841361710235,5269.0,-0.026021471783191724,-0.03268167288785928,-0.04290951732398868,0.000606116449222982,-0.0021272821159408206,0.0028831562974203084,-0.025369644651634216,-0.031703746625767415,-0.04946831637838944,0.025942791821315203,0.0320891572115195,0.05023121686875354,-0.04031905336416222,0.007454523278856984,-0.007112222244617633,0.040319053364162194,-0.007454523278856984,0.007112222244617605,-0.0025823296179306454,0.03228063852159008,0.004818049888710707,-0.1743434938222193,-0.09417068109027205,-0.09161104600438247
2026-07-20,5272,233,2920,2119,1704,3517,1192,4080,3155,2066,1612,3660,2087,3185,-0.003128527789455996,-0.5643803571428567,-0.038373795291963775,1.0922419082464336,0.9717477219321689,3253,2481,0.04419575113808801,0.5538694992412747,0.40193474962063735,0.3232169954476479,0.6671092564491654,0.22610015174506828,0.7738998482549317,0.5984446130500759,0.3918816388467375,0.30576631259484066,0.6942336874051593,0.3958649468892261,0.6041350531107739,0.6170333839150227,0.47059939301972686,5272,10,5,128,10,1,137,79,156,119,112,385,389,195,165,0.0018968133535660092,0.0009484066767830046,0.024279210925644917,0.0018968133535660092,0.00018968133535660092,0.025986342943854324,0.014984825493171473,0.02959028831562974,0.022572078907435508,0.021244309559939303,0.07302731411229135,0.07378603945371776,0.03698786039453718,0.03129742033383915,0.00501119061291224993,0.0003302153054800505004467749,0.05851511271197517491,5272.0,-0.022382397572078903,-0.056183755503278206,-0.05940956195489112,-0.0009484066767829757,-0.0014808101516586847,-0.0009115501896093114,-0.02579666160849775,-0.054961372673794195,-0.059135945728822636,0.026365705614567525,0.05610356384954496,0.06008838358389024,-0.014605462822458282,-0.04259055034221823,0.005986299752658408,0.014605462822458337,0.04259055034221826,-0.005986299752658408,0.0013277693474961771,0.01506422530831314,0.03403955737662434,0.0007587253414264028,-0.1762413149703565,0.045959823549567624
2026-07-21,5272,190,2969,2113,1694,3527,1187,4085,3166,2055,1621,3651,2573,2699,-0.0033248970577675367,-0.5547428571428569,-0.0035870973904286174,1.1490149394822462,1.0039622147122231,3635,2660,0.036039453717754175,0.5631638846737481,0.40079666160849775,0.3213201820940819,0.6690060698027314,0.22515174506828528,0.7748482549317147,0.6005311077389985,0.38979514415781485,0.3074734446130501,0.69252655538695,0.48805007587253413,0.5119499241274659,0.6894916540212443,0.5045523520485584,5272,12,7,55,13,1,11,33,38,100,91,133,621,47,36,0.002276176024279211,0.0013277693474962064,0.01043247344461305,0.0024658573596358117,0.00018968133535660092,0.00208649468892261,0.00625948406676783,0.007207890743550834,0.01896813353566009,0.017261001517450685,0.02522761760242792,0.11779210925644916,0.008915022761760243,0.006828528072837633,0.00651706699013895515,0.000408914532803067247631210,0.06091420686041590097,5272.0,-0.008156297420333837,-0.056560166775604465,-0.06322036788027202,-0.0011380880121396042,-0.001480378239699598,-0.0042137768048634006,-0.001896813353566007,-0.05306311961369797,-0.05939722158783117,0.0018968133535659515,0.05420531078944868,0.06035167617965298,-0.0009484066767830035,-0.05587292286340351,-0.008099346220384301,0.0009484066767829757,0.05587292286340351,0.00809934622038433,0.001707132018209434,0.0004525717477749658,0.03531553988729569,0.09218512898330805,-0.08139963949748485,-0.001226826765537592
2026-07-22,5273,194,2962,2117,1674,3547,1183,4090,3196,2025,1620,3653,2201,3072,-0.0033842613667101,-0.5844465694545,-0.021742857142857286,0.8672178147629507,0.773988146296246,1729,1386,0.03679120045514887,0.5617295657121183,0.40147923383273276,0.3174663379480372,0.6726721031670776,0.22435046463113978,0.7756495353688603,0.6061065806941021,0.3840318604210127,0.3072254883368102,0.6927745116631898,0.4174094443390859,0.5825905556609141,0.32789683292243504,0.2628484733548265,5272,5,9,2,5,0,20,39,43,90,91,602,230,64,34,0.0009484066767830046,0.0017071320182094083,0.00037936267071320183,0.0009484066767830046,0.0,0.0037936267071320183,0.007397572078907435,0.008156297420333839,0.01707132018209408,0.017261001517450685,0.11418816388467375,0.04362670713201821,0.012139605462822459,0.006449165402124431,0.008322637477698448769915,0.00034025026018758201728261365,0.06232714897542519524,5272.0,0.0007517467373946984,-0.029786948255018042,-0.06358830618621734,0.0006825722242350118,-0.001403922464687568,-0.001936325939563277,-0.003853844146044727,-0.031547319108108485,-0.06071203017340493,0.003666033364346233,0.03192855233247971,0.06166641056745714,-0.0008012804371455018,-0.016355149936386787,-0.044340237456146736,0.0008012804371455573,0.01635514993638687,0.04434023745614679,-0.00024795627623991345,0.0027869450894656977,0.01652340105028266,-0.07064063153344824,0.022303222791286215,-0.1546968175204967
2026-07-23,5273,206,2946,2121,1674,3547,1240,4033,3179,2042,1613,3660,2848,2425,-0.0033880378867832115,-0.562614763085714,0.00932644785250003,0.7798891722964602,0.7130623588886721,1274,1074,0.03906694481319932,0.5586952399013844,0.40223781528541624,0.3174663379480372,0.6726721031670776,0.23516025033187937,0.7648397496681206,0.6028826095201972,0.3872558315949175,0.30589797079461406,0.6941020292053859,0.5401099943106391,0.4598900056893609,0.24160819267968897,0.2036791200455149,5273,12,8,0,4,3,3,64,7,89,96,133,781,30,47,0.0022757443580504457,0.0015171629053669638,0.0,0.0007585814526834819,0.0005689360895126114,0.0005689360895126114,0.01213730324293571,0.0013275175421960932,0.016878437322207472,0.018205954864403566,0.025222833301725773,0.14811302863644984,0.005689360895126114,0.008913332069030912,0.006848599075279651210813,0.0003255629242013849482608753,0.05601800580732907605,5273.0,0.0022757443580504466,-0.005128806324888692,-0.05353267568015932,0.0007585814526834822,0.00030306566477888985,-3.922456278110387e-05,0.0,-0.005750657499610734,-0.0569169637597427,0.0,0.005562846717912184,0.05787134415379491,0.010809785700739594,0.009060098586811088,-0.045864417599809415,-0.01080978570073965,-0.009060098586811116,0.045864417599809415,-0.0013275175421961216,0.000131658199773399,-0.0011229020706610693,0.12270054997155322,0.14424504742141303,-0.029339721059379875
2026-07-24,5273,210,2925,2138,1650,3571,1177,4096,3228,1993,1506,3767,1676,3597,-0.0033790611359786698,-0.6349464285714297,-0.04467100704896487,0.7007357359238608,0.6346710896487998,873,778,0.0398255262658828,0.5547126872747962,0.40546178645932107,0.3129148492319363,0.6772235918831785,0.22321259245211456,0.7767874075478854,0.6121752323155699,0.37796320879954487,0.28560591693533094,0.7143940830646691,0.31784562867437893,0.6821543713256211,0.16556040204816994,0.14754409254693723,5273,7,20,3,3,1,25,16,79,33,140,1278,105,84,35,0.0013275175421960932,0.0037929072634174093,0.0005689360895126114,0.0005689360895126114,0.00018964536317087047,0.004741134079271762,0.0030343258107339275,0.014981983690498767,0.006258296984638726,0.026550350843921867,0.24236677413237245,0.0199127631329414,0.01593021050635312,0.006637587710980467,0.005901942739582232809485,0.0002677957491312914542832339,0.05058989744542907339,5273.0,0.0007585814526834822,0.0037860725481286273,-0.026752622444284113,0.003223971173904827,0.004665124850823321,0.0025786301619007412,-0.004551488716100893,-0.00840533286214562,-0.03609880782420938,0.004551488716100893,0.008217522080447126,0.0364800410485806,-0.011947657879764817,-0.001939152616170725,-0.01749302211541201,0.011947657879764817,0.001939152616170725,0.017493022115412038,-0.02029205385928312,-0.021867527677719156,-0.018832626312013545,-0.22226436563626017,-0.1702044471981552,-0.07726059287342074
2026-07-27,5273,215,2893,2165,1651,3570,1207,4066,3206,2015,1487,3786,2635,2638,-0.003370413519750795,-0.629329603286643,-5.014947953563276e-05,0.7415014100004848,0.6733481591821328,925,797,0.040773753081737155,0.5486440356533283,0.41058221126493455,0.31310449459510714,0.6770339465200076,0.22890195334724067,0.7710980466527594,0.6080030343258107,0.382135406789304,0.28200265503508437,0.7179973449649156,0.4997155319552437,0.5002844680447563,0.17542196093305518,0.15114735444718377,5273,7,30,2,2,1,0,33,3,61,80,51,1012,7,29,0.0013275175421960932,0.005689360895126114,0.00037929072634174094,0.00037929072634174094,0.00018964536317087047,0.0,0.006258296984638726,0.0005689360895126114,0.011568367153423098,0.015171629053669637,0.009671913521714395,0.19192110752892091,0.0013275175421960932,0.005499715531955243,0.00595504673716735040,0.0002962449208028784893722300,0.05554728852312629385,5273.0,0.0009482268158543528,0.003982552626588282,-0.003421998056350857,0.005120424805613477,0.009102977432201786,0.008647461644297194,0.0001896453631708428,-0.00436184335293005,-0.010112500852540784,-0.0001896453631708983,0.004361843352929995,0.00992469007084218,0.0056893608951261165,0.004551488716100893,0.002801801602172388,-0.005689360895126061,-0.004551488716100893,-0.00280180160217236,-0.0036032619002465682,-0.02522283330172581,-0.02376365755975629,0.18186990328086478,0.08230608761615782,0.10385058506601763
2026-07-28,5274,214,2875,2185,1648,3576,1235,4039,3175,2049,1468,3806,2824,2450,-0.0033687476900441174,-0.6028232142857141,0.007637500000000824,0.7304239287851684,0.6698181244042323,993,920,0.04057641259006447,0.5451270383010998,0.4142965491088358,0.3124762988244217,0.6780432309442548,0.2341676147136898,0.7658323852863101,0.6020098596890405,0.38850967007963594,0.27834660599165717,0.7216533940083428,0.5354569586651498,0.4645430413348502,0.18828213879408418,0.1744406522563519,5273,3,30,4,10,2,5,46,18,76,95,253,441,18,52,0.0005689360895126114,0.005689360895126114,0.0007585814526834819,0.0018964536317087046,0.00037929072634174094,0.0009482268158543523,0.008723686705860042,0.0034136165370756686,0.014413047600986157,0.018016309501232695,0.04798027688223023,0.08363360515835387,0.0034136165370756686,0.009861558884885265,0.01001391992036343809,0.000446487589652040395033214,0.06966712351276348056,5273.0,-0.00019734049167268591,0.001509467776865149,0.004536958872310294,0.0037143378439012387,0.012058733823419543,0.013499887500338037,-0.000628195770685458,-0.004990039123615508,-0.008843883269660235,0.0010092844242471921,0.005371127777177187,0.00903716114152342,0.005265661366449126,-0.0009926356181895746,0.009015869645404517,-0.005265661366449237,0.000992635618189519,-0.009015869645404573,-0.003656049043427201,-0.02755136480295689,-0.029126838621392925,0.03574142670990604,-0.004653035645489356,0.04740688279261562
2026-07-29,5274,192,2913,2169,1641,3583,1347,3927,3070,2154,1572,3702,3909,1365,-0.003366954837927691,-0.5156964285714287,0.0697494188771072,0.9014332115517878,0.8334176678934253,1942,1665,0.03640500568828214,0.5523321956769056,0.4112627986348123,0.3111490329920364,0.6793704967766401,0.2554038680318544,0.7445961319681457,0.5821008722032612,0.40841865756541523,0.29806598407281,0.70193401592719,0.7411831626848692,0.25881683731513083,0.36822146378460374,0.31569965870307165,5274,1,12,23,28,3,10,135,23,148,44,48,1133,32,137,0.00018960940462646946,0.0022753128555176336,0.004361016306408798,0.005309063329541145,0.0005688282138794084,0.0018960940462646946,0.025597269624573378,0.004361016306408798,0.028062191884717484,0.008342813803564657,0.009101251422070534,0.2148274554417899,0.006067500948047023,0.025976488433826318,0.00782772912616405882,0.000333958348085593429788915,0.06313330254436805965,5274.0,-0.004171406901782332,-0.003420520577600665,-0.0003861947668667362,-0.003033750474023489,0.005801012175491227,0.009783564802079536,-0.0013272658323852937,-0.0017658162398999089,-0.006317304956000802,0.0013272658323852937,0.0021469048934615875,0.006698393609562481,0.02123625331816459,0.03219127557973983,0.031053403400714608,-0.021236253318164477,-0.032191275579739775,-0.031053403400714608,0.019719378081152816,0.012460067137479047,-0.009159504264000196,0.20572620401971942,0.42333753401049024,0.3237737183457833
2026-07-30,5274,165,2970,2139,1600,3624,1399,3875,2990,2234,1730,3544,3729,1545,-0.0033774967727452157,-0.44504285714285674,0.05082584820507144,0.9143396297383916,0.851407481869229,2017,1790,0.03128555176336746,0.5631399317406144,0.4055745164960182,0.30337504740235116,0.6871444823663254,0.26526355707243077,0.7347364429275692,0.5669321198331437,0.4235874099355328,0.3280242700037922,0.6719757299962078,0.7070534698521047,0.29294653014789535,0.3824421691315889,0.33940083428138035,5274,2,18,29,48,6,47,123,71,195,37,385,205,78,158,0.0003792188092529389,0.0034129692832764505,0.005498672734167614,0.009101251422070534,0.0011376564277588168,0.008911642017444064,0.023321956769055744,0.013462267728479332,0.036973833902161544,0.007015547971179371,0.07299962078119075,0.03886992794842624,0.01478953356086462,0.029958285930982178,0.00670597286872416408,0.000380412669100991734472494,0.07409534961460213480,5274.0,-0.005119453924914676,-0.009488201318369693,-0.007781393049831858,-0.005688282138794076,-0.0050076947689163265,0.0033367012106019778,-0.007773985589685228,-0.00972944719275598,-0.01409129054568603,0.007773985589685339,0.010110535846317825,0.01447237919924782,0.00985968904057638,0.036361603725190095,0.030103306740551394,-0.009859689040576436,-0.03636160372519015,-0.030103306740551394,0.02995828593098221,0.046021614968707825,0.022126299209178135,-0.03412969283276446,0.207337937896861,0.1669434755414656
2026-07-31,5274,168,2946,2160,1600,3624,1532,3742,2892,2332,1966,3308,4398,876,-0.0033989262357923137,-0.3086762059892858,0.12548214285714288,0.939357648584587,0.8914632509963997,2208,1955,0.03185437997724687,0.558589306029579,0.40955631399317405,0.30337504740235116,0.6871444823663254,0.29048160788775124,0.7095183921122488,0.5483503981797497,0.4421691315889268,0.372772089495639,0.627227910504361,0.8339021615472128,0.16609783845278725,0.41865756541524457,0.3706863860447478,5274,3,38,0,17,0,0,133,0,260,24,80,749,16,114,0.0005688282138794084,0.00720515737580584,0.0,0.003223359878649981,0.0,0.0,0.02521805081532044,0.0,0.04929844520288206,0.004550625711035267,0.015168752370117557,0.14201744406522562,0.0030337504740235114,0.02161547212741752,0.00647998158121715891,0.000363251357108654327206069,0.06420058737698435107,5274.0,0.0005688282138794076,-0.0087220326128176,-0.007971146288635933,0.003981797497155826,-0.0047402351156617395,0.004094527533852976,0.0,-0.009101251422070522,-0.009539801829585137,0.0,0.009101251422070633,0.009920890483146927,0.02521805081532047,0.05631399317406144,0.06726901543563668,-0.02521805081532047,-0.05631399317406138,-0.06726901543563668,0.04474781949184681,0.09442548350398183,0.08716617256030806,0.12684869169510804,0.298445202882063,0.5160565328728338
2026-08-03,5276,155,2964,2157,1598,3626,1794,3482,2697,2527,2320,2956,4637,639,-0.0033738993371532876,-0.13101476222921452,0.15734290516546434,0.8634344807246886,0.8365402002748392,1756,1800,0.029378316906747536,0.5617892342683851,0.4088324488248673,0.30288097043214557,0.6872630780894617,0.3400303260045489,0.6599696739954511,0.5111827141774071,0.47896133434420013,0.4397270659590599,0.5602729340409401,0.8788855193328279,0.1211144806671721,0.332827899924185,0.3411675511751327,5274,2,32,15,35,1,3,276,15,371,17,86,323,48,243,0.0003792188092529389,0.006067500948047023,0.002844141069397042,0.006636329161926431,0.00018960940462646946,0.0005688282138794084,0.05233219567690557,0.002844141069397042,0.07034508911642018,0.003223359878649981,0.016306408797876374,0.06124383769434964,0.009101251422070534,0.04607508532423208,0.00730216390936953448,0.000340106286192434683046004,0.04900140090846441073,5274.0,-0.0024760630704993326,-0.007026688781534601,-0.011395436174989618,-0.0007238651683067476,-0.0024303498099449983,-0.0017497624400672485,-0.0004940769702055925,-0.00826806255989082,-0.010223524162961573,0.00011859572313632771,0.007892581312821667,0.010229131569454153,0.049548718116797674,0.08462645797269452,0.11112837265730824,-0.04954871811679762,-0.08462645797269452,-0.11112837265730824,0.06695497646342091,0.14166108188624993,0.15772441092397554,0.04498335778561513,0.1377023566479587,0.3791699873775842
2026-08-04,5276,157,2962,2157,1600,3624,1967,3309,2640,2584,2643,2633,4397,879,-0.0033507817203600734,0.00241128345532211,0.15852443663171417,0.8744663007312431,0.8705883004457854,1710,1834,0.029757391963608795,0.5614101592115239,0.4088324488248673,0.3032600454890068,0.6868840030326004,0.37282031842304775,0.6271796815769523,0.5003790750568613,0.489764973464746,0.5009476876421531,0.49905231235784686,0.8333965125094769,0.16660348749052312,0.32410917361637603,0.3476118271417741,5276,3,17,1,17,2,0,178,5,341,18,425,185,64,121,0.0005686125852918878,0.0032221379833206974,0.00018953752843062926,0.0032221379833206974,0.0003790750568612585,0.0,0.03373768006065201,0.0009476876421531463,0.06463229719484458,0.003411675511751327,0.08055344958301744,0.035064442759666414,0.012130401819560273,0.02293404094010614,0.00784668329834429975,0.000420342309565933942766718,0.06280509864139486059,5276.0,0.0003790750568612583,-0.0015281597997586667,-0.010819020626455674,0.0,0.003257932328849078,-0.005464100283968487,0.00037907505686124443,-0.00011500191334434806,-0.00921625333541487,-0.00037907505686129994,-0.00026047933372497223,0.00884077208834566,0.03278999241849884,0.10755676135061698,0.13865270370935795,-0.03278999241849889,-0.10755676135061698,-0.1386527037093579,0.061220621683093224,0.17292341763836094,0.22260108165049597,-0.045489006823351,0.12634304265737217,0.29793955384432713
2026-08-05,5276,161,2940,2175,1601,3623,2224,3052,2602,2622,2951,2325,4313,963,-0.0033240988267237257,0.08692614229550011,0.15939464285714305,0.9130941638658385,0.9271283136990931,1979,2109,0.03051554207733131,0.5572403335860501,0.41224412433661867,0.30344958301743746,0.6866944655041698,0.42153146322971946,0.5784685367702805,0.4931766489764973,0.49696739954510993,0.559325246398787,0.44067475360121305,0.8174753601213041,0.182524639878696,0.3750947687642153,0.3997346474601971,5276,4,42,0,24,1,0,268,10,321,13,209,125,118,156,0.000758150113722517,0.00796057619408643,0.0,0.004548900682335102,0.00018953752843062926,0.0,0.05079605761940864,0.0018953752843062926,0.06084154662623199,0.0024639878695981803,0.039613343442001514,0.023692191053828658,0.022365428354814254,0.029567854435178165,0.008518145743021117144849,0.0004530603934960685119740958,0.06701102830507058165,5276.0,0.0007581501137225166,-0.0013388378999155577,-0.005889463610950826,0.0034116755117513664,0.0026878103434446188,0.0009813257018063681,0.00018953752843064997,7.453561508630191e-05,-0.0076994499745989264,-0.00018953752843064997,-0.0004500168621556222,0.007323968727529717,0.04871114480667171,0.13104985534196822,0.16612759519786507,-0.04871114480667171,-0.13104985534196822,-0.16612759519786513,0.05837755875663386,0.186553156903148,0.261259262325977,-0.01592115238817282,-0.016426801425908688,0.0762921974364349
2026-08-06,5276,163,2902,2211,1604,3620,2395,2881,2600,2624,3252,2024,4095,1181,-0.0032881254279235714,0.16083035714285734,0.14886964285714258,0.8826350047348195,0.8914410375092265,1751,1900,0.03089461713419257,0.5500379075056862,0.4190674753601213,0.30401819560272936,0.686125852918878,0.4539423805913571,0.546057619408643,0.4927975739196361,0.4973464746019712,0.6163760424564063,0.38362395754359363,0.7761561789234268,0.22384382107657316,0.33188021228203185,0.3601213040181956,5276,2,63,0,27,3,0,182,11,328,26,309,91,97,99,0.0003790750568612585,0.011940864291129644,0.0,0.00511751326762699,0.0005686125852918878,0.0,0.03449583017437453,0.002084912812736922,0.0621683093252464,0.004927975739196361,0.05856709628506444,0.017247915087187263,0.01838514025777104,0.018764215314632297,0.011480317174116033235190,0.000457271723999778144518785,0.04850113992784544496,5276.0,0.0003790750568612583,0.0015163002274450332,-0.0003909346291748918,0.006823351023502622,0.010235026535253988,0.013492958864103066,0.0005686125852918944,0.0011372251705837888,0.0006431482003781963,-0.0005686125852918389,-0.0011372251705837888,-0.001018629447447461,0.03241091736163765,0.1139120545868082,0.18867882351892634,-0.03241091736163759,-0.1139120545868082,-0.1886788235189263,0.05705079605761931,0.1766489764973464,0.2883517724526141,-0.04131918119787725,-0.10272934040940107,0.0691027090713221
2026-08-07,5277,167,2876,2234,1605,3619,2583,2694,2659,2565,3570,1707,4154,1123,-0.003260768399600798,0.2389535714285715,0.16009642857142858,0.9062848036897153,0.9163800967502054,2007,2081,0.031646768997536476,0.5450066325563767,0.4233465984460868,0.30415008527572485,0.6858063293537995,0.48948266060261514,0.5105173393973849,0.5038847830206556,0.4860716316088687,0.6765207504263786,0.3234792495736214,0.7871896911123745,0.21281030888762553,0.3803297328027288,0.39435285199924197,5276,4,40,0,18,1,0,201,14,342,25,163,221,135,76,0.000758150113722517,0.0075815011372251705,0.0,0.003411675511751327,0.00018953752843062926,0.0,0.03809704321455648,0.00265352539802881,0.06482183472327521,0.0047384382107657315,0.03089461713419257,0.04188779378316907,0.02558756633813495,0.014404852160727824,0.00912933241556447261,0.000486253077378745078488820,0.05758203757767208978,5276.0,0.0007521518633439063,0.0018893770339276812,-0.0002076109797103931,0.004279123085965508,0.014514149621219496,0.013790284452912749,0.00013188967299548882,0.0008900397867180332,0.0007750378733736851,-0.00031952356507847224,-0.001077673678800961,-0.0013381530125259333,0.03554028001125803,0.11666234217956739,0.1990010527148639,-0.035540280011258085,-0.11666234217956739,-0.1990010527148639,0.06014470796997229,0.17557306278422546,0.3037486609307396,0.011033512188947658,-0.046206821397102416,-0.04671247043483828
2026-08-10,5277,171,2912,2194,1614,3610,2824,2453,2534,2690,3860,1417,4182,1095,-0.003204033929410189,0.33480714285714297,0.14307142857142807,0.9131847721742703,0.9500390398915991,2110,2313,0.03240477544059125,0.5518286905438696,0.41576653401553915,0.3058555997725981,0.6841008148569263,0.5351525487966647,0.4648474512033352,0.48019708167519426,0.5097593329543301,0.7314762175478492,0.26852378245215086,0.7924957362137578,0.20750426378624218,0.39984839871138905,0.4383172256964184,5277,4,40,0,80,9,0,243,2,324,34,179,207,63,188,0.0007580064430547659,0.007580064430547659,0.0,0.015160128861095318,0.0017055144968732233,0.0,0.04604889141557703,0.00037900322152738296,0.061398521887436046,0.006443054765965511,0.03392078832670078,0.03922683342808414,0.011938601478112564,0.035626302823574,0.009164573210653101626223,0.0003681692289615774187696931,0.05731605305538602870,5277.0,0.000758006443054772,0.0018892333632599366,0.0030264585338437115,-0.0075800644305476506,0.0035224096789204795,0.006934085190671846,0.0017055144968732283,0.0024060167551606115,0.002974629340452506,-0.0017055144968731728,-0.002593650647243484,-0.003162263232535434,0.0456698881940496,0.11362108556694528,0.19512222279211583,-0.04566988819404966,-0.11362108556694533,-0.19512222279211594,0.05495546712147059,0.1721509711490622,0.2917491515887893,0.005306045101383328,-0.024979623907546267,-0.08638978311907008
